Symbols (Linear Β),,,,Transliteration (Latin),,,,,,Pronunciation (Greek),,,,,,,,Pronunciation (English),,,,,Translation (English),
Ί1Ηt],,,,a-da-ma-o,,,,,,Αδάμαο (Αδάμας),,,,,,,,Adamao (Adamas),,,,,personal name,
Ί1 ί2,,,,a-da-me-we,,,,,,ΑδαμέFει( ς) (Αδαμεύς),,,,,,,,Adamevei(s) (Adameus),,,,,personal name,
Ί1 bffiΊ,,,,a-da-ra-ti-jo,,,,,,Αδράστιος,,,,,,,,Adrastios,,,,,personal name,
+,,,,"a-de-te/
a-de-te-re",,,,,,ανδετήρ/ ανδετήρες,,,,,,,,andeter/ andeteres,,,,,"binder
(>άνδημα= head- band)",
c,,,,a-di-nwa-ta,,,,,,ΑδινFάτας,,,,,,,,Adinfatas,,,,,personal name,
011,,,,a-di-ri-ja-pi/ a-di-ri-ja-te/ a-di-ri-jo,,,,,,ανδρίαφι/ ανδριάντει/ ανδρίος (>άνερ),,,,,,,,andriaphi/ andriantei/ andrios (>aner),,,,,(decorated) with men,
Ί1 ΊC,,,,a-e-ri-qo-ta,,,,,,Αελιπότας,,,,,,,,Aelipotas,,,,,personal name,
Ί1   ί,,,,a-e-ti-to,,,,,,αέθιστος (>εθίζω;),,,,,,,,aethistos (ethizo?),,,,,not used? (>εθίζω= to accustom),
7\ΕΘΥ'αι,,,,ai-ka-sa-ma,,,,,,αιξμά(ν)ς (αιξμά> αιχμή),,,,,,,,aixma(n)s (aixma> aihme),,,,,pointed head of a weapon,
nffii,,,,"ai-ke-u/ a-i-ke-u/
ai-ki-e-we/ a-i-qe-we/ ai-ki-e-wo/ a-1-qe-wo",,,,,,Αιγεύς,,,,,,,,Aigeus,,,,,personal name (also a decorating style),
7\VΙΊ,,,,ai-ki-a2-ri-jo,,,,,,αιγιhάλιος,,,,,,,,aigihalios,,,,,coastal (see also 'aigihaliande'),
nνa,,,,ai-ki-no-o,,,,,,Αιγίνοος,,,,,,,,Aiginoos,,,,,personal name,
nν+c,,,,ai-ki-pa-ta/ a-i-ki-pa-ta,,,,,,Αιγιπάτας,,,,,,,,Aigipatas,,,,,"personal name (αιξ, αίγα= goat)",
Ί\'tFι,,,,ai-ki-po,,,,,,Αιγίπως,,,,,,,,Aigypos,,,,,personal name,
7\CΨC,,,,ai-ko-ta,,,,,,Αικόντας,,,,,,,,Aikontas,,,,,personal name,
7\ r!ΥΙ\Ί,,,,ai-ku-pi-ti-jo,,,,,,Αιγύπτιος,,,,,,,,Aigyptios,,,,,personal name,
T\Vf 2,,,,a1-m1-re-we,,,,,,(ai-mi-re)Fεις,,,,,,,,(ai-mi-re)veis,,,,,"description of rams (see also 'e-ka-ra-
e-we')",
ταr \,,,,ai-ta-re-u-si,,,,,,Αιθαλεύσι (Αιθαλεύς),,,,,,,,Aithaleusi (Aithaleus),,,,,place name,
τr+z,,,,ai-ta-ro-we/ a-ta-ro-we,,,,,,ΑιθαλόFεις,,,,,,,,Aithalofeis,,,,,personal name (>αιθαλόεις= 'smoky'),
!ν11Ί§,,,,ai-ti-jo-qe/ ai-ti-jo-qo,,,,,,Αιθίοπες/ Αιθίοψ,,,,,,,,Aithiopes/ Aithiops,,,,,"ethnic/personal name (>αιθός= shining, blazing)",
7\1,,,,ai-to,,,,,,Λίθων,,,,,,,,Aithon,,,,,personal name,
τmο,,,,aι-wa-J a,,,,,,ΑιFαία (>Αία),,,,,,,,Aifaia (>Aia),,,,,ethnic/place name,
τmc,,,,ai-wa-ta,,,,,,ΑιFάτας,,,,,,,,Aifatas,,,,,personal name,
τ+,,,,ai-wo-ro/ a-wo-ro,,,,,,ΑίFολος,,,,,,,,Aivolos,,,,,personal/ animal name  (=  'nibble'),
7\f,,,,aι-za,,,,,,αίζα (>αίγα),,,,,,,,aiza (>aiga),,,,,goat,
7\f,,,,aι-za,,,,,,Αιζαί (>Αιγαί),,,,,,,,Aizai (>Aigai),,,,,place name,
Ίmϊ,,,,a-ja-me-na/ a-Ja-me-no,,,,,,αιασμένα/ αιασμένος,,,,,,,,aiasmena/ aιasmenos,,,,,inscribed/ decorated,
rEθh!s,,,,a-ka-ma-no,,,,,,Αλκμάνωρ,,,,,,,,Alkmanor,,,,,personal name,
rEθbs,,,,a-ka-ra-no,,,,,,ακάρανος,,,,,,,,akaranos,,,,,(>άκαρα= legs/ kara= head),
rΕΘ\ΊΨ,,,,a-ka-si-jo-ne,,,,,,Ακασιόνει (Ακάσιον),,,,,,,,Akasionei (Akasion),,,,,place name,
rEΘu,,,,a-ka-ta-jo,,,,,,Ακταίος,,,,,,,,Aktaios,,,,,personal name,
rΕΘ&ΌΧ,,,,a-ka-wi-ja-de,,,,,,ΑχαιFίανδε (ΑχαιFία> Αχαiα),,,,,,,,Ahaiviande (Ahaivia> Aha'ia),,,,,place name,
rΕΘΒ,,,,a-ka-wo,,,,,,ΑχαιFός (>Αχαιός),,,,,,,,Achaivos (>Achaios),,,,,personal/ ethnic name of 'Ahaivia',
τm,,,,"a-ke
a-ke-e",,,,,,άγει/ άγεεν (άγω),,,,,,,,agei/ ageen (ago),,,,,to send,
τmu,,,,a-ke-(j)o(-jo),,,,,,Αργείοιο (Αργείος),,,,,,,,Argeioio (Argeios),,,,,ethnic name of 'Argos',
ΊmbB,,,,a-ke-ra-wo,,,,,,ΑρχέλαFος/ ΑρχελάFων,,,,,,,,Arhailaf os/ Arhailafon,,,,,personal name,
τmr,,,,a-ke-re,,,,,,αγείρει(ν) (αγείρω),,,,,,,,ageirei(n) (ageiro),,,,,to gather together/collect,
Ίmfί,,,,"a-ke-re-u/
a-ke-re-u-te",,,,,,Αγρεύς/ Αγρεύθεν,,,,,,,,Agreus/ Agreuthen,,,,,place name,
τmrm,,,,"a-ke-re-wa/
a-ke-re-wa-de/ a-ke-re-we",,,,,,ΑγρέFα/ ΑγρέFανδε,,,,,,,,Agrefa/ Agrefande,,,,,place name (fem. of 'Agreus'?),
τmrτ,,,,a-ke-re-wi-jo,,,,,,ΑγρέFιος,,,,,,,,Agrevios,,,,,ethnic name of 'Agrefa',
τm+,,,,a-ke-ro,,,,,,άγγελος,,,,,,,,agelos,,,,,messenger,
τm+,,,,a-ke-ro,,,,,,Αχέρων,,,,,,,,Aheron,,,,,personal name (also modern river),
τm+r,,,,a-ke-te-re,,,,,,αγέτερες/ ασκέτερες,,,,,,,,ageteres/ asketeres,,,,,official title/ occupation (see also 'asketreiai'),
Ίmffi/i[J,,,,"a-ke-ti-ra2(-o)/ a-ke-ti-ri-ja/
a-ke-ti-ri-ja-i",,,,,,ασκητριάων/ ασκήτριαι,,,,,,,,asketreiaon/ asketreiai,,,,,decorators? (fem.) (>ασκέω/ασκώ= to work),
Ίmί,,,,"a-ke-u/
a-ke-wo",,,,,,Αλκεύς,,,,,,,,Alkeus,,,,,personal name,
WlDX,,,,a-ki-a2-ri-ja-de,,,,,,Αιγlhάλιανδε (Αιγιhάλια),,,,,,,,Aigihaliande (Aigihalia),,,,,place name,
rνrr,,,,a-ki-re-u/ a-ki-re-we,,,,,,Αχιλεύς,,,,,,,,Ahileus,,,,,personal name,
rνmι,,,,a-ki-ti-to,,,,,,άκτι(σ)τος,,,,,,,,akti(s)tos,,,,,"'untitled?' (>κτίσις= founding, settling)",
1',,,,*a-ko,,,,,,άγος/άγκος,,,,,,,,agos/agkos,,,,,"holy place/grove, valley (see 'ti-mi- to-a-ke-e')",
,,,,a-ko-ra,,,,,,αγορά,,,,,,,,agora,,,,,"assembly
>market place",
11l_cI],,,,a-ko-ra-ja/ a-ko-ra-jo,,,,,,αγοραία/ αγοραίος,,,,,,,,agoraia/ agoraιos,,,,,used for communal purposes (see also 'agora'),
1'+,,,,"a-ko-ro/
a-ko-ro-we",,,,,,αγρός,,,,,,,,agros,,,,,field,
WrΨ,,,,a-ko-so-ne,,,,,,άξονες,,,,,,,,axones,,,,,axles,
wrc,,,,"a-ko-so-ta/
a-ko-so-ta-o",,,,,,Ακσότας,,,,,,,,Aksotas,,,,,personal name,
=Ι=ί,,,,a-ko-te-u,,,,,,Αργοθεύς,,,,,,,,Argotheus,,,,,personal name,
m,,,,a-ko-to,,,,,,Άκτωρ/Άχθων,,,,,,,,Aktor/Ahthon,,,,,personal name,
ffls,,,,a-ko-to-no,,,,,,άκτοινος,,,,,,,,aktoinos,,,,,without land (see 'ktoina'),
Β,,,,a-ko-wo,,,,,,άκορFος,,,,,,,,akorfos,,,,,"childless, unaccompanied (see  'korfos')",
Ί1*+,,,,a-ku-ro,,,,,,άργυρος,,,,,,,,argyros,,,,,silver,
1rn,,,,a-ma-ru-ta-o,,,,,,Αμαρύταο (Αμαρύτας),,,,,,,,Amalytao (Amalytas),,,,,personal name,
ΊVΥ\Ί,,,,". .
a-ml-Πl-Sl-JO",,,,,,Αμνίσιος,,,,,,,,Amnisios,,,,,ethnic name of 'Amnisos',
wYrx,,,,a-mi-ni-so-de,,,,,,Αμνισόνδε (Άμνισος),,,,,,,,Amnisonde (Amnisos),,,,,place name,
(,,,,"a-mo/
a-mo-si/ a-mo-ta / a-mo-te",,,,,,άρμον/ άρμοσι/ άρμοτα/ άρμοτε,,,,,,,,armon/ armosi/ armota/ armote,,,,,wheel/chariot ('undercarriage'),
rΨ Ι,,,,a-mo-i-je-to,,,,,,αρμοίεντοι;,,,,,,,,armoientoi?,,,,,just delivered? (see 'iento'),
rbm,,,,a-mo-ra-ma,,,,,,άμωρ- άμαρ;,,,,,,,,amor- amar?,,,,,"'from day to day, daily?'",
([(,,,,"a-mo-ta-jo/
a-mo-te-jo-na- de",,,,,,αρμοτεών/ αρμοτεώνανδε,,,,,,,,armoteon/ armoteonande,,,,,(to the) workshop of  'armota',
r+r,,,,a-mo-te-re,,,,,,αρμοστήρες (αρμοστήρ),,,,,,,,armosteres (armoster),,,,,>(of stones) laid with the grain,
r+,,,,a-mo-te-wi-ja,,,,,,αρμοθήFια,,,,,,,,armothevia,,,,,description of a pot,
Ίm,,,,a-mu-ta-wo,,,,,,ΑμυνθάFων,,,,,,,,Amynthafon,,,,,personal name,
ΊΎΨC,,,,"a-na(-i)-ta/
a-na(-i)-to",,,,,,άναιτα/ άναιτον,,,,,,,,anaita/ anaiton,,,,,not decorated,
ΊΎ Ξ)rC,,,,a-na-mo-ta a-na-mo-to,,,,,,ανάρμοστα/ ανάρμοστον,,,,,,,,anarmosta/ anarmoston,,,,,(about chariots) not assembled,
ΊΎm,,,,a-na-pu-ke,,,,,,ανάμπυκες,,,,,,,,anampykes,,,,,without head- bands (see 'ampykes'),
YΞ)rΨAf D,,,,a-ne-mo (i-e- re-ja),,,,,,ανέμων (ιέρεια),,,,,,,,anemon (iereia),,,,,(priestess) of winds,
ΙΙ,,,,a-ne-ta,,,,,,άνετα (ανίημι),,,,,,,,aneta (anieimi),,,,,"not due, of ηο charge (>ανίημι= to set free)",
Υί=Ι=,,,,a-ne-u-te,,,,,,Ανεύθεν/Ανεύτει (Ανεύς),,,,,,,,Aneuthen/ Aneutei (Aneus),,,,,place name,
ΊΥD,,,,"a-ni-ja/
. .    1
a-n1-Ja-p",,,,,,ανία/ανίαφι (>ηνία),,,,,,,,ania/aniaphi (>einia),,,,,reιns,
Ί1ffi,,,,a-ni-ja-to,,,,,,Ανίατος,,,,,,,,Aniatos,,,,,personal name,
\\,,,,a-no-no,,,,,,άνονον/άνωνον,,,,,,,,anonon,,,,,"not rented,
(see opp. 'onaton')",
FΊ,,,,a-no-po,,,,,,άνωπος,,,,,,,,anopos,,,,,"without  'holes,' not pierced",
sZ,,,,"a-no-we/
a-no-wo-to",,,,,,ανώFεις/ άνωFτος,,,,,,,,anofeis/ anoftos,,,,,without 'ears'/ handles,
11 fr,,,,a-nu-ko,,,,,,Άνυκος,,,,,,,,Anykos,,,,,personal name,
1111,,,,a-nu-to,,,,,,Άνυτος,,,,,,,,Anytos,,,,,personal name,
Ί1+Χ1,,,,a-pa-Je-u,,,,,,Αρπαγεύς,,,,,,,,Arpayeus,,,,,personal name,
Ί1+fί,,,,"a-pa-re-u/
a-pa-re-u-pι",,,,,,Αφαρεύς,,,,,,,,Aphareus,,,,,place name,
Ί1+ΥW,,,,a-pa-sa-ki-jo,,,,,,Αψάγιος,,,,,,,,Apsayios,,,,,personal name,
Ί1=f[,,,,a-pa-ta,,,,,,άσπαρτα;,,,,,,,,asparta?,,,,,not sown/ cultivated?,
Ί1=FΟΙΙ,,,,a-pa-ta-wa,,,,,,ΆπταρFα (>Άπτερα),,,,,,,,Aptarfa (>Aptera),,,,,place name,
Ί1=FDllD,,,,a-pa-ta-wa-ja/ a-pa-ta-wa-jo,,,,,,ΑπταρFαία/ ΑπταρFαίος,,,,,,,,Aptarfaia/ Aptarfaios,,,,,ethnic name of 'Aptarfa',
,,,,a-pe-a-sa/ a-pe-o-te,,,,,,απέασα/απέοντες (>άπειμι),,,,,,,,apeasa/ apeontes (>apeimi),,,,,absent,
,,,,a-pe-e-ke,,,,,,απέηκε (>αφίημι),,,,,,,,apeeike (>aphieimi),,,,,to let go,
ΊΜCΔ,,,,a-pe-ri-ta-wo,,,,,,ΑπελιτάFων,,,,,,,,Apelitafon,,,,,personal name,
Ίi)ffiίi,,,,a-pe-ti-ra2,,,,,,αφέτρια(ι),,,,,,,,aphetria(i),,,,,item found together with a 'torpeza',
rm,,,,a-pι,,,,,,αμφί,,,,,,,,amphi,,,,,"bi-, both",
Ί1r11 +,,,,a-p1-a2-ro,,,,,,Αμφίhαλος,,,,,,,,Amphihalos,,,,,personal name,
rn,,,,a-pi-e-ke,,,,,,αμφιέχει(ν) (αμφιέχω),,,,,,,,amphiehei(n) (amphieho),,,,,to be covered all over,
Ί1Μ+,,,,"a-pi-ja-ko-ro/
a-pi-ja-ko-ro-jo",,,,,,Αμφίαγρος,,,,,,,,Amphiagros,,,,,personal name,
rmι+,,,,a-pi-do-ro,,,,,,Αμφίδωρος,,,,,,,,Amphidoros,,,,,personal name,
Ί1rΓDf B,,,,". .
a-pι-Ja-re-wo",,,,,,ΑμφιαρήFος (Αμφιαρεύς),,,,,,,,Amphiarevos (Amphiareus),,,,,personal name,
Ί1r11C,,,,a-pi-je-ta,,,,,,Αμφιγέτας,,,,,,,,Amphiyetas,,,,,personal name,
Ί1r11ίχ,,,,"a-pi-me-de/
a-pi-me-de-o",,,,,,Αμφιμήδης,,,,,,,,Amphimedes,,,,,personal name,
Ί1r11   Ί,,,,"a-p              . .
1-no-e-w1-Jo",,,,,,ΑμφινοέFιοι,,,,,,,,Amphinoevioi,,,,,ethnic name of 'Amphoneus',
Ί1ffilf 2,,,,"a-(pi-)po-re- we/
a-po-re-we",,,,,,αμ(φι)φορήFες (αμ(φι)φορεύς),,,,,,,,am(phi)phorefes (am(phi)phoreus),,,,,amphora,
Ί1m=Ί+,,,,"a-pi-po-ro/
a-p.          .
1-qo-ro-1",,,,,,αμφίπολος,,,,,,,,amphipolos,,,,,attendant,
Ί1WτC,,,,a-pi-qo-ta,,,,,,Αμφιπότας,,,,,,,,Amphipotas,,,,,personal name,
Ί1ffiTi,,,,a-pi-qo-to,,,,,,αμφίποτος (>αμφίβατος?),,,,,,,,amphipotos (>amphivatos?),,,,,(table) with legs apart,
Ί1rtbB,,,,a-pι-ra-wo,,,,,,ΑμφίλαFος/ ΑμφιλάFων,,,,,,,,Amphilavos/ Amphilavon,,,,,personal name,
Ί1ΊΨ2,,,,a-po-ne-we/ a-pu-ne-we,,,,,,ΑμφονέFει (Αμφονεύς),,,,,,,,Amphonevei (Amphoneus),,,,,place name,
Ί1l=l=b,,,,a-po-te-ra,,,,,,αμφότερα(ι),,,,,,,,amphotera(i),,,,,both,
Ί1=1+++,,,,a-po-te-ro-te,,,,,,αμφοτέρωθεν,,,,,,,,amphoterothen,,,,,οη both sides,
Ί1r\\,,,,a-pu-,,,,,,απύ- (>από-),,,,,,,,apy- (> apo-),,,,,from/with,
Ί1r\\Ιm,,,,a-pu-do-ke/ a-pe-do-ke,,,,,,απύδωκε/ απέδωκε (>αποδίδω),,,,,,,,apydoke/ apedoke (>apodido),,,,,to deliver,
Ί1rl\I\,,,,a-pu-do-si,,,,,,απύδοσις (>απόδοσις),,,,,,,,apydodis (>apodosis),,,,,delivery,
Ί1r\\Ε9,,,,a-pu-ka/ a-pu-ke,,,,,,άμπυξ/ άμπυκες,,,,,,,,ampyx/ ampykes,,,,,"head- band, tiara/ reιns",
Ί1r\\CΨΒCΨ,,,,a-pu-ko-wo-ko,,,,,,αμπυκοFοργός,,,,,,,,ampykovorgos,,,,,maker of 'ampykes',
ΤΨΕΘΨ,,,,a-pu2-ka-ne,,,,,,Αφύγανες,,,,,,,,Afyganes,,,,,ethnic name of 'Aphy',
ΤΨ,,,,"a-pu2/
a-pu2-de/ a-pu2-we",,,,,,Αφύ/ Αφύνδε/ ΑφύFει,,,,,,,,Aphy/ Aphynde/ Aphyvei,,,,,place name (απύ= steep),
11'1,,,,a-qa-to,,,,,,Άμβατος,,,,,,,,Amvatos,,,,,personal name,
r@/r,,,,a-qe-mo,,,,,,Ακβαίμων,,,,,,,,Akvaimon,,,,,personal name,
πc,,,,a-qo-ta,,,,,,Αμβότας,,,,,,,,Amvotas,,,,,personal name,
Ίbffi=l=D,,,,a-ra-ka-te-ja,,,,,,αλακάτειαι,,,,,,,,alakateiai,,,,,weavers (fem.) (ηλάκατα= wool/ ηλακάτη= spindle),
ΊbEB+rn,,,,a-ra-ka-te-ja-o,,,,,,αλακατειαίον,,,,,,,,alakateiaion,,,,,weavers'  place,
Ίb+r+ίϊ,,,,"a-ra-ro-mo-te- me-na/
a-ra-ro-mo-te- me-no",,,,,,αραρμοτ(η)μένα/ αραρμοτ(η)μένος,,,,,,,,ararmot(ei)mena/ ararmot(ei)menos,,,,,assembled,
1b11],,,,a-ra-ru-Ja,,,,,,αραρύια,,,,,,,,araryιa,,,,,bound/equipped (fem.),
1b1ΒΊ1,,,,a-ra-ru-wo-a,,,,,,αραρύFοα (>αραρύοντα),,,,,,,,araryvoa (>araryonta),,,,,bound/equipped (neut.),
ηο,,,,"a-re-ja /
a-re-jo/
. .
a-re+JO",,,,,,αρεία/ αρείος,,,,,,,,areia/ areιos,,,,,divine epithet (>Άρης= god Mars),
Ί1f E9Y b,,,,a-re-ka-sa-da-,,,,,,Αλεξάνδρα,,,,,,,,Alexandra,,,,,personal name,
,,,,ra,,,,,,,,,,,,,,,,,,,(fem.),
ηmιr,,,,a-re-ke-se-u,,,,,,Αλεξεύς,,,,,,,,Alexeus,,,,,personal name,
11\7\ίΊ,,,,a-re-ki-si-to-jo,,,,,,Αλεξίτοιο (Αλέξιτος),,,,,,,,Alexitoio (Alexitos),,,,,personal name,
η Ψ1Β,,,,"a-re-ku-tu-ru- wo/
a-re-ku-tu-ru- wo-ne/
a-re-ku-tu-ru- wo-no",,,,,,ΑλεκτρύFων,,,,,,,,Alektryfon,,,,,"personal name (=
'cock')",
Ί1fίΨ,,,,a-re-me-ne,,,,,,Αρ(ει)μένης,,,,,,,,Ar(ei)menes,,,,,personal name,
η+,,,,"a-re-pa/ a-ro-pa/
a-re-pa-te/ a-re-pa-to",,,,,,άλειφαρ (>αλοιφή),,,,,,,,aleiphar (>aloiphe),,,,,"cream, ointment",
η+m,,,,"a-re-pa-zo-o/
a-re-po-zo-o",,,,,,αλειφαζόος (>αλειφόβιος),,,,,,,,"aleiphazoos
(>aleiphovios)",,,,,"occupation (=
'anointer')",
rd/r,,,,a-ro2-a,,,,,,αρίοα (>αρείονα),,,,,,,,aryoa (>areiona),,,,,"better (neut., plur.)",
rωΑ,,,,a-ro2-e,,,,,,αρίοες (>αρείονες),,,,,,,,"aryoes
(>areiones)",,,,,"better (masq., plur.)",
rωτ,,,,a-ro2-JO,,,,,,αρίοιο (>αρείονος),,,,,,,,". .
aηοιο
(>areionos)",,,,,"better (masq., sing., gen.)",
,,,,"a-ru-ra/
a-ro-u-ra",,,,,,αρούρα,,,,,,,,aroura,,,,,unit of land,
,,,,a-sa-mi-to,,,,,,ασάμινθος,,,,,,,,asaminthos,,,,,bath tab,
Ί1 00,,,,a-si-ja-ti-ja,,,,,,Ασιάτιαι,,,,,,,,Asiatiai,,,,,place name,
r,,,,a-si-wi-ja/,,,,,,ΑσίFια/,,,,,,,,Asivia/,,,,,ethnic name,
,,,,". .
a-Sl-Wl-JO",,,,,,ΑσίFιος,,,,,,,,Asivios,,,,,,
τοιfΥί,,,,"a-ta-ma-ne-u/
a-ta-ma-ne-we",,,,,,Αθαμανεύς (>Αθάμας),,,,,,,,Athamaneus (>Athamas),,,,,personal name,
lli ffiYD,,,,a-ta-na (-po-ti- ni-ja),,,,,,Ατάνα (-πότνια),,,,,,,,Atana (-potnia= beloved),,,,,goddess' s name (goddess Athena),
ΊtJs,,,,"a-ta-no/
a-ta-no-re/ a-ta-no-ro",,,,,,Αντάνωρ,,,,,,,,Antanor,,,,,personal name,
\Ί,,,,a-ta-ra-si-jo,,,,,,αταλάνσιος,,,,,,,,atalansios,,,,,"without copper
(see also 'talansia' )",
,,,,a-te-mi-ti-jo,,,,,,Αρτεμίτιος,,,,,,,,Artemitios,,,,,personal name,
Τ=Ι=Ξ)r,,,,a-te-mo,,,,,,Αρτέμων/ Ανθέμων,,,,,,,,Artemon/ Anthemon,,,,,personal name,
T=l=f&:Ο,,,,a-te-re-wi-ja,,,,,,ΑτρειFία,,,,,,,,Atreivia,,,,,ethnic/place name,
Τ=Ι=Ζ,,,,a-te-we,,,,,,α(;)τήFει,,,,,,,,a(?)tevei,,,,,kind of pot (jug),
rιτ,,,,a-to-po-qo,,,,,,αρτοπόπος (>αρτοποιός),,,,,,,,"artopopos
(>artopoios)",,,,,baker,
Ί1ffiV=I=,,,,a-ti-mi-te,,,,,,Αρτιμίτει (Άρτεμις;),,,,,,,,Artimitei (Artemis?),,,,,goddess' s name,
n+,,,,a-to-ro-po,,,,,,ανθρώπω (άνθρωπος),,,,,,,,anthropo (anthropos),,,,,human,
ΊΨ,,,,a-tu-ko,,,,,,Άτυκος/Άτυγος,,,,,,,,Atykos/Atygos,,,,,personal name,
χ2Υ,,,,au-de-we-sa,,,,,,(au-de)Fεσσα,,,,,,,,(au-de)vessa,,,,,haνing  'au-d' (= a rosette?),
ffim,,,,au-ke-wa,,,,,,ΑυγέFαν (Αυγεύς),,,,,,,,Augevan (Augeus),,,,,personal name,
+,,,,au-ro,,,,,,αυλοί (αυλός),,,,,,,,aulos (aulos),,,,,pipe (> musical instrument),
w,,,,au-ta2,,,,,,Αυτίας,,,,,,,,Autias,,,,,personal name,
Ί12ffilF,,,,"a-we-ke-se-u/
a-we-ke-se-we",,,,,,ΑFειξεύς,,,,,,,,Afeixeus,,,,,personal name,
iΕΘΤvΊ,,,,"a2-ka-a2-ki-ri-
JO",,,,,,(a2-ka-a2) + άγριος,,,,,,,,"(a2-ka-a2)
+ agrios",,,,,ethnic/place name (>αγρός= field),
i-Wlffi,,,,a2-ro-u-do-pi,,,,,,hαλοσύδωρφι,,,,,,,,halosydorphi,,,,,"aquamanne (gem)/with wave- like patterns
(άλς= sea+ ύδωρ= water)",
ί Β=Ι=,,,,a2-ru-wo-te,,,,,,"ΗαρύFοθεν
(>Χάρυβδος;)",,,,,,,,"Haryvothen
(>Haryvdos ?)",,,,,place name,
i=I=+,,,,a2-te-ro,,,,,,hάτερος (>έτερος),,,,,,,,hateros (>eteros),,,,,other,
,,,,,,,,,,,,,,,,,,,,,,,,
fΊχ,,,,da-da-re-jo-de,,,,,,Δαδαλείονδε (Δαδαλείον),,,,,,,,Dadaleionde (Dadaleion),,,,,place name/ sanctuary,
Ψ-Υ-C,,,,da-i-qo-ta,,,,,,Δαιπόντας,,,,,,,,Daipontas,,,,,personal name,
Ψ[1+,,,,da-i-ta-ra-ro,,,,,,Δαίτραρος,,,,,,,,Daitraros,,,,,personal name,
ο+,,,,da-ja-ro,,,,,,Δαίαρος,,,,,,,,Daiaros,,,,,personal name,
αι+,,,,da-ma-te,,,,,,Δάματερ,,,,,,,,Damater,,,,,goddess' s name (>Demeter),
αι+,,,,da-ma-te/ du-ma-te,,,,,,δάματες/ δύματες,,,,,,,,damates/ dymates,,,,,related to 'damos' (family groups?),
VΥΊ,,,,da-mi-ni-jo,,,,,,Δάμνιος,,,,,,,,Damnios,,,,,ethnic name of 'Damnos',
Ξ)(,,,,da-mo,,,,,,δάμος (>δήμος),,,,,,,,damos (>deimos),,,,,municipality,
Ξ}rcr+,,,,da-mo-ko-ro,,,,,,δάμοκλος,,,,,,,,damoklos,,,,,official title,
ΨίΊ,,,,da-pu 2-ri-to- (j)o,,,,,,δαφυρίνθοιο (>λαβύρινθος),,,,,,,,daphurinthoio (>lavyrinthos),,,,,(of the) labyrinth,
+,,,,da-ro,,,,,,Δάρων,,,,,,,,Daron,,,,,personal name,
HJJ+,,,,da-ta-ja-ro,,,,,,Δαταίαρος,,,,,,,,Dataiaros,,,,,personal name,
,,,,da-wi-ja/ da-wi-jo,,,,,,ΔαFία/ ΔάFιος,,,,,,,,Davia/Davios,,,,,ethnic name of 'Dafos/Dafοη',
zrm,,,,da-we-u-pi/ da-wo,,,,,,ΔαFεύφι/ ΔάFος/ΔάFων,,,,,,,,Daveuphi Dafos/Dafon,,,,,place name,
χ,,,,-de,,,,,,-δε,,,,,,,,-de,,,,,"not, οη the other side",
χ,,,,-de,,,,,,-δε,,,,,,,,-de,,,,,allative/ demonstrative,
XXis,,,,de-de-me-no,,,,,,δεδεμένος,,,,,,,,dedemenos,,,,,bound,
χ ο,,,,de-di-ku-ja,,,,,,δεδικύια (>διδάσκω),,,,,,,,dedikyia (>didasko),,,,,"being apprenticing (see also
'didaskalei')",
χlίϊ,,,,de-do-me-na,,,,,,δεδομένα (δίδωμι>δίδω),,,,,,,,dedomena (didomi>dido),,,,,(things) being offered,
χΕΘΥί,,,,de-ka-sa-to,,,,,,δέξατο (δέχομαι),,,,,,,,deksato dexomai,,,,,to be accepted,
χΨΒCΨ,,,,de-ku-tu-wo- ko,,,,,,δεκτυFοργός,,,,,,,,dektyvorgos,,,,,maker of nets,
xiu+,,,,de-me-o-te,,,,,,δεμέοντες (δέμω),,,,,,,,demeontes (demo),,,,,they who build,
χVΥΊ1,,,,de-mi-ni-a,,,,,,δέμνια,,,,,,,,demnia,,,,,bedsteads,
";.ΔΙ-U-UU
)\ Τ Λ 1",,,,de-qo-no,,,,,,δείπνον,,,,,,,,deipnon,,,,,"dinner, meal",
χf ίCΨ,,,,de-re-u-ko,,,,,,δλεύκος,,,,,,,,dleukos,,,,,must (of wine),
χf=(Ξ}(,,,,de-so-mo,,,,,,δεσμοίς (δεσμός),,,,,,,,desmois (desmos),,,,,(with) straps,
χίΕ9Ί,,,,de-u-ka-ri-jo,,,,,,Δευκαλίων,,,,,,,,Deukalion,,,,,personal name,
rxrm,,,,de-u-ki-jo-jo,,,,,,Δευκίοιο (Δεύκιος),,,,,,,,Deukioio (Deukios),,,,,month name,
χΖ+Ί\ Ψο,,,,de-we-ro-ai- ko-ra-i-ja,,,,,,δεFροαιχωραίαι (='ενδο-χώρα'),,,,,,,,devroaihoraiai (='hither-lands '),,,,,place name (compare to 'peraiaihoraiai'),
Εθf,,,,di-da-ka-re,,,,,,διδασκάλει (διδάσκαλος),,,,,,,,didaskalei (didaskalos),,,,,"at the place of the practitioner
(see also 'dedikyia')",
E9Cx,,,,di-ka-ta-de,,,,,,Δίκτανδε (Δίκτα> Δίκτη),,,,,,,,Diktande (Dikta> Dikte),,,,,place name (mountain),
ΕΘu,,,,di-ka-ta-jo,,,,,,Δικταίος,,,,,,,,Diktaios,,,,,epithet of god Zeus,
cnro,,,,di-ko-na-re-ja,,,,,,Δικονάρεια,,,,,,,,Dikonareia,,,,,personal name (fem.),
cn+,,,,di-ko-na-ro,,,,,,Δικόναρος,,,,,,,,Dikonaros,,,,,personal name,
+,,,,di-pa,,,,,,δίπας (>δέπας),,,,,,,,dipas (>depas),,,,,a kind of cup,
rlf Ί,,,,"di-pi-se-wi-jo/ di-pi-si-je-wi-
JO",,,,,,ΔιψιέFιος,,,,,,,,Dipsievios,,,,,person from 'Dipsos'  (same as next),
r!W\O,,,,di-pi-si-ja/ di-pi-si-jo,,,,,,Διψία/Δίψιος,,,,,,,,Dipsia/Dipsios,,,,,ethnic name of 'Dipsos',
(lf (ψ,,,,di-pi-so-i,,,,,,Διψώι (Διψός),,,,,,,,Dipso'i (Dipsos),,,,,place name,
lb,,,,di-pte-ra,,,,,,δίπτερα,,,,,,,,diptera,,,,,leather hide (>,
,,,,,,,,,,,,,,,,,,,,,,,writing material),
ϊb+,,,,di-pte-ra-po-ro,,,,,,διπτεραφόρος,,,,,,,,dipteraphoros,,,,,ceremonial title,
l!r,,,,di-ri-mi-jo,,,,,,Δριμίος,,,,,,,,Drimios,,,,,god's name,
+,,,,di-ro,,,,,,Διρός,,,,,,,,Diros,,,,,place name,
ίD,,,,"di-u-ja/ di-wi- ja/
di-wi-je-ja",,,,,,Διυία/ΔιFία,,,,,,,,Diyia/Divia,,,,,"priestess of god Zeus/
goddess' s name",
rrn,,,,"di-u-ja-jo/
di-wi-ja-jo-de/ di-wi-ja-wo",,,,,,Διυαίον/ ΔιFιαίονδε,,,,,,,,Diyaion/ Diyiaionde,,,,,sanctuary dedicated to Diyia,
ίΟΒ,,,,di-u-ja-wo,,,,,,ΔιυάFων,,,,,,,,Diyafon,,,,,personal name/ priest of 'Difia',
ίΊ,,,,di-u-jo/ di-wi-jo,,,,,,Διύος/ΔιFίος,,,,,,,,Dyios/Divios,,,,,belonging to god Zeus,
2,,,,di-we/ di-wo,,,,,,ΔιFεί/ΔιFός (Ζευς/>Δίας),,,,,,,,Divei/Divos (Zeus/> Dias),,,,,god' s name (god Zeus),
+,,,,di-wi-ja-me-ro,,,,,,δFιάμερον (>διήμερον),,,,,,,,dyiameron (>dyimeron),,,,,two day period,
"m
1                   .",,,,di-wi-ja-ta,,,,,,ΔιFιαταί,,,,,,,,Diviatai,,,,,ethnic/place name,
cr\XI,,,,di-wi-je-u/ di-wi-je-we,,,,,,ΔιFιεύς,,,,,,,,Divieus,,,,,personal name/ priest of god Zeus,
cr\Ί,,,,"di-wi-jo/
di-wi-jo-de/ di-wi-jo-jo",,,,,,ΔιFίον,,,,,,,,Divion,,,,,sanctuary dedicated to Zeus,
mι B_,,,,di-wo,,,,,,ΔίFων,,,,,,,,Difon,,,,,personal name,
ΒΨΖ,,,,di-wo-i-je-we,,,,,,Διός ΙεFεί,,,,,,,,Dios Ievei,,,,,'to the Son of Zeus',
Βγr=ιτ,,,,di-wo-ni-so-jo,,,,,,"ΔιFονυσοίο (ΔιFόνυσος
>Διόνυσος)",,,,,,,,"Divonysoio (Divonysos
>Dionysos)",,,,,god's  name (god Dionysus),
Ιχ,,,,do-de,,,,,,δόνδε (>δώ),,,,,,,,donde (>do),,,,,"refeπing to the
>δόμος= house, dwelling",
Ι,,,,do-e-ra,,,,,,δοέλα (>δούλη),,,,,,,,doela (>doule),,,,,slave (fem.),
ΙΑ+,,,,do-e-ro,,,,,,δοέλος (>δούλος),,,,,,,,doelos (>doulos),,,,,slave (masq.),
ΙΑ+Ψ,,,,do-e-ro-i,,,,,,δοέλοι (>δούλοι),,,,,,,,doeloi (>douloi),,,,,slaves (masq. plur.),
1 [,,,,do-po-ta,,,,,,Δοσπότα,,,,,,,,Dospota,,,,,goddess' s name,
Ι§ο,,,,do-qe-ja/ do-qe-u,,,,,,δορπεία/ δορπεύς,,,,,,,,dorpeia/ dorpeus,,,,,δόρπον= supper/ Δορπία= name of feast,
lb,,,,do-ra,,,,,,δώρα,,,,,,,,dora,,,,,gifts,
1  2,,,,do-ri-je-we,,,,,,ΔωριέFει/ ΔωριέFες (Δωριεύς),,,,,,,,Dorievei/ Dorieves (Dorieus),,,,,ethnic/personal name,
Ι+ίί,,,,do-ro-me-u,,,,,,Δρομεύς,,,,,,,,Dromeus,,,,,personal name,
11,,,,"do-se/
do-so-si/ di-do-si",,,,,,δώσει/ δώσονσι/ δίδονσι (>δίδω),,,,,,,,dosei/ dosonsi/ didonsi (>dido),,,,,to give,
1r:1Ξ}r,,,,do-so-mo,,,,,,δοσμοί (δοσμός),,,,,,,,dosmoi (dosmos),,,,,offerings,
ΙΖΊ,,,,do-we-jo,,,,,,δορFείος,,,,,,,,dorfeios,,,,,made of wood,
mαι,,,,du-ma/ du-ma-te,,,,,,δύμας/ δύματες,,,,,,,,dymas/ dymates,,,,,official/religious title (see also 'damates'),
Π\ΥΊ,,,,"du-ni-jo
du-ni-jo-jo",,,,,,Δύνιος/ Δυνίοιο,,,,,,,,Dynios/ Dynioio,,,,,personal name,
Π\fί,,,,du-re-u,,,,,,Δυρεύς,,,,,,,,Dyreus,,,,,personal name,
mliΞ)r,,,,du-ru-to-mo,,,,,,δρυτόμος,,,,,,,,drytomos,,,,,lumberjack,
[\[;={,,,,du-ta-so,,,,,,Δύτασος,,,,,,,,Dytasos,,,,,personal name,
KViu,,,,du-wo-jo-jo,,,,,,ΔυFοίοιο (ΔυFοίος),,,,,,,,Dyfoioio (Dyfoios),,,,,personal name,
[VJiffi,,,,du-wo-u-pi,,,,,,δυFούπι (δύο),,,,,,,,dywoupi (dyo),,,,,consisting of two (see also  'dwo'),
KVJZ,,,,du-wo-we,,,,,,δυFώFεις,,,,,,,,dywofeis,,,,,"with two 'ears,' handles",
Ε,,,,dwo/ dwo-jo,,,,,,δFο/δυFό (δύο),,,,,,,,dwo/dywo (dyo),,,,,two,
,,,,,,,,,,,,,,,,,,,,,,,,
Α,,,,"e-da-e-u/
e-da-e-wo",,,,,,Εδαεύς,,,,,,,,Edaeus,,,,,personal name,
ΑΙίΨί,,,,"e-do-me-ne-u/
e-do-mo- ne-we",,,,,,Ειδομενεύς,,,,,,,,Eidomeneus,,,,,personal name,
\,,,,"e-e-si/
e-ne-e-sι",,,,,,έενσι/ ενέενσι (ειμί/ενειμί),,,,,,,,"eensi/ eneensι
(eimi/eneimi)",,,,,they/there are,
,,,,e-ka-ma-pi/ e-ka-ma-te,,,,,,έγμαφι/ εγμάτει (έγμα),,,,,,,,egmaphi/ egmatei (egma),,,,,stay,
b,,,,e-ka-ra,,,,,,εσχάρα,,,,,,,,eshara,,,,,griddle,
bAZ,,,,e-ka-ra-e-we,,,,,,εγγραέFεις (γράω;),,,,,,,,engraeveιs (grao?),,,,,description of rarns (γράω= to eat),
Hm,,,,"e-ke/
e-ke-e/ e-ko-si",,,,,,"έχει/
έχεεν (>έχειν)/ έχονσι (>έχουσι)",,,,,,,,"ehei/
eheen (>ehein)/ ehonsi (>ehousi)",,,,,"he has/ to have/
they have",
AffiΞ)r,,,,e-ke-da-mo,,,,,,Εχέδαμος/ Εχεδάμων,,,,,,,,Ehedamos/ Ehedamon,,,,,personal name,
Hm fl,,,,e-ke-jo-to,,,,,,εγκείοντοι (έγκειμαι),,,,,,,,egkeiontoi (egkeimai),,,,,they are included,
Affi x,,,,e-ke-me-de,,,,,,Εχεμήδης,,,,,,,,Ehemedes,,,,,personal name,
AffiΠB,,,,"e-ke-ra2-wo/
e-ke-ra2-wo-ne",,,,,,ΕχελιάFων,,,,,,,,Ehelyafon,,,,,personal name,
Affi+,,,,e-ke-ro,,,,,,Έγχερος,,,,,,,,Enheros,,,,,personal name,
HmfTs,,,,e-ke-ro-qo-no,,,,,,εγχερόπονοι,,,,,,,,enheroponoi,,,,,wage earners (>έγχερον= wage+ πόνος= labor),
Av1,,,,"e-ki-no/
e-ki-no-jo",,,,,,Εχίνος/Εργίνος,,,,,,,,Ehinos/Erginos,,,,,personal name,
,,,,"e-ko/
e-ko-te",,,,,,έχων/ έχοντες,,,,,,,,ehon/ ehontes,,,,,having (see also 'ehei'),
,,,,"e-ko/
e-ke-si",,,,,,έγχος/ έγχενσι,,,,,,,,enhos/ enhensi,,,,,spear,
ίϊΟJ,,,,e-ko-me-na-ta- ο,,,,,,Ερχομενάταο (Ερχομενάτας),,,,,,,,Erhomenatao (Erhomenatas),,,,,personal name,
j s,,,,e-ko-me-no,,,,,,Ερχομενός (>Ορχομενός),,,,,,,,Erhomenos (>Orhomenos),,,,,place name,
ι,,,,"e-ko-so/
e-ko-so-no",,,,,,Εξών/ Εξώνος,,,,,,,,"Εχοη/
Exonos",,,,,place name,
ΙΒCΨ,,,,e-ko-so-wo-ko,,,,,,εξωFοργοί,,,,,,,,eksovorgoi,,,,,'outside workers',
,,,,,,,,,,,,,,,,,,,,,,,(compare to 'entosνorgoi '),
AfF,,,,e-ko-to,,,,,,Έκτωρ,,,,,,,,Ector,,,,,personal name (Hector),
ffilZ,,,,e-ku-se-we(- qe),,,,,,εγχυσήFες (>εγχέω),,,,,,,,enhyseves (>enheo= to pour in),,,,,'funnels' (>εγχέω= to pour in),
i,,,,e-ma-a2,,,,,,Ερμάhαι (Ερμάhας> Ερμής),,,,,,,,Ermahai (Ermahas> Ermes),,,,,(related to) god Hermes,
Αί,,,,e-me,,,,,,εμεί (>ενί),,,,,,,,emeι (>eni),,,,,with one,
Αίί,,,,e-mi-to,,,,,,εμμίσθων (έμμισθος),,,,,,,,emisthon (emisthos),,,,,"in pay, hired",
Αϊ+,,,,e-na-po-ro,,,,,,Ενάπλους,,,,,,,,Enaplous,,,,,place name,
ΑΨΕ9,,,,e-ne-ka,,,,,,ένεκα,,,,,,,,eneka,,,,,because of,
ΑΨ\ uΨ,,,,e-ne-si-da-o-ne,,,,,,Ενεσιδάονει (Ενεσιδάων),,,,,,,,Enesidaonei (Enesidaon),,,,,epithet of god Poseidon  (='earth- shaker'),
ΑΨΒ,,,,e-ne-wo-,,,,,,εwεFο-,,,,,,,,ennevo-,,,,,ηιηe-,
AΨBDf,,,,e-ne-wo-pe-za,,,,,,εννεFόπεζα,,,,,,,,ennevopeza,,,,,(table) with nine legs,
ΑΥ+=Ι=Ζ,,,,e-ni-pa-te-we,,,,,,ΕνιπατεύFει (Ενιπατεύς),,,,,,,,Enipatevei (Enipateus),,,,,place name,
FιΙΊ,,,,"e-nu-wa-ri-jo/
. .
e-nwa-n-Jo",,,,,,ΕνυFάλιος,,,,,,,,Enyfalios,,,,,god's name,
ffi,,,,e-o,,,,,,εών (ειμί),,,,,,,,eon (eimi),,,,,being/existing,
,,,,e-pi/o-pi,,,,,,επi/οπί,,,,,,,,epi/opi,,,,,towards/on top,
Ί ί,,,,e-pi-di-da-to,,,,,,επιδίδαστοι (επιδίδωμι),,,,,,,,epididastoi (epididomi),,,,,distributed,
Α1Ό:,,,,e-pi-ja-ta,,,,,,Εφιάλτας,,,,,,,,Ephialtas,,,,,personal name,
AmliYD,,,,e-pi-ki-to-ni-ja,,,,,,επιχιτώνια,,,,,,,,epihitonia,,,,,kind of clothing (see also  'hiton'),
Alff B,,,,e-pi-ko-wo,,,,,,επίκορFοι,,,,,,,,epikorfoi,,,,,"observers, guards",
ZffiΊ,,,,e-pi-we-ti-ri-jo,,,,,,επιFέστριος,,,,,,,,epivestrios,,,,,kind of occupation (working with 'over-garments'),
tc,,,,e-pi-zo-ta,,,,,,επίζωστα,,,,,,,,epizosta,,,,,tied οη top,
ΑΙ'+,,,,e-qa-ro,,,,,,Έμβαρος,,,,,,,,Emvaros,,,,,personal name,
\Ί,,,,"e-qe-si-jo/
. .
e-qe-sι-J a",,,,,,επέσιος/επέσια,,,,,,,,epesios/epesia,,,,,related to the 'epetas',
[,,,,"e-qe-ta/
e-qe-ta-e/ e-qe-ta-i",,,,,,επέτας,,,,,,,,epetas,,,,,"official title (=
'attendant')",
,,,,e-ra,,,,,,Έρα,,,,,,,,Era,,,,,goddess' s name (Hera),
,,,,e-ra,,,,,,Έρα,,,,,,,,Era,,,,,place name,
,,,,e-ra-Ja,,,,,,Εραία,,,,,,,,Eraia,,,,,ethnic name of 'Era' (fem.),
Dίϊ,,,,e-ra-pe-me-na,,,,,,ερ(ρ)απμένα (>ερραμμένη> ραμμένη),,,,,,,,er(r)apmena (>erramene> ramene),,,,,sewed (fem.),
ίΨ,,,,e-ra-po (ri-me- ne),,,,,,Ελάφων (λιμένες),,,,,,,,Elaphon (limenes),,,,,place name (='port of the deers'),
,,,,,,,,,,,,,,,,,,,,,,,(see also 'limenes'),
[1,,,,e-ra-ta-ra,,,,,,Εράθρα,,,,,,,,Erathra,,,,,personal name (fem.),
=Ι=Ψ,,,,"e-ra-te-i/
e-ra-to-de",,,,,,Ελάτει/ Ελατόνδε (Ελατος),,,,,,,,Elatei/ Elatonde (Elatos),,,,,place name,
=Ι=ΨΊ,,,,e-ra-te-i-jo,,,,,,Ελάτειος,,,,,,,,Elateios,,,,,ethnic name of 'Elatos',
+rz,,,,e-ra-te-re-we/ e-ra-te-re-wa- pι,,,,,,ΕραθρέFει (ΕραθρέFα),,,,,,,,Erathrevei (Erathrefa),,,,,place name,
Β,,,,"e-ra-wo/
e-ra3-wo",,,,,,έλαιFον (>έλαιον),,,,,,,,elaiwon (>elaion),,,,,olive/essential oil,
Af A,,,,e-re-e/ e-re-1,,,,,,Ελέει (Ελος?),,,,,,,,Eleei (Elos?),,,,,place name (έλος= marsh),
Af A,,,,e-re-e,,,,,,ερέεν (>ερέττειν),,,,,,,,ereen (>erettein),,,,,to row,
Af,,,,e-re-e-u,,,,,,ερεύς,,,,,,,,ereus,,,,,"master rower, 'coxswain' (see also 'eretai')",
Arr,,,,e-re-mo,,,,,,έρεμος/ερήμον,,,,,,,,eremos/eremon,,,,,place deserted/ isolated,
Af +,,,,"e-re-pa/
e-re-pa-te/
e-re-pa-te-ja- pi/
e-re-pa-te-jo/ e-re-pa-to",,,,,,ελέφας/ ελεφάντει/ ελεφαντειάφι/ ελεφάντειος/ ελέφαντος,,,,,,,,elephas elephantei elephanteiaphi/ elephanteios/ elephantos,,,,,elephant (implying ivory),
Af C,,,,"e-re-ta/
e-re-ta-o",,,,,,ερέται/ερετάων (ερέτας),,,,,,,,eretai/eretaon (eretas),,,,,rowers,
Af=l=b,,,,"e-re-u-te-ra/
e-re-u-te-ro",,,,,,ελευθέρα/ ελεύθερος,,,,,,,,eleuthera/ eleutheros,,,,,'deliνered '/free,
Afi=l=f,,,,e-re-u-te-re,,,,,,Ελευθέρει (Ελευθέραι;),,,,,,,,Eleutherei (Eleutherai?),,,,,place name?,
Afi=l=ii,,,,e-re-u-te-ro-se,,,,,,ελευθέρωσε( εν) (>ελευθερώ),,,,,,,,eleutherose( en) (>eleuthero),,,,,to set free/ to deliver,
Afim:J,,,,e-re-u-ti-ja,,,,,,Ελευθία,,,,,,,,Eleutheia,,,,,goddess' s name (= 'Deliνerer'),
Ε9,,,,"e-ri-ka/
e-ri-ka-we-e",,,,,,"ελίκας
(ελίκα> ελίκη)",,,,,,,,"elikas
(elika> elike)",,,,,willow tree,
mf 2,,,,e-ri-ke-re-we,,,,,,ΕρικλέFει( ς) (Ερικλεύς),,,,,,,,Eriklevei(s) (Erikleus),,,,,personal name,
ΑCΨΒ,,,,e-ri-ko-wo,,,,,,ΕρίκορFος,,,,,,,,Erikorfos,,,,,personal name,
ι ι,,,,"e-ri-nu /
e-n-nu-we",,,,,,Ερινύς,,,,,,,,Erinys,,,,,goddess' s name,
AC,,,,e-ri-ta,,,,,,Έριθα,,,,,,,,Eritha,,,,,personal name (fem.),
Α+αιί,,,,e-ro-ma-to,,,,,,Ελόμανθος (>Ερύμανθος),,,,,,,,"Elomanthos
(>Erymanthos)",,,,,place name,
Mffio,,,,e-ro-pa-ke-ja,,,,,,ελλοφάγεια,,,,,,,,ellophagia,,,,,game (hunting),
MmC,,,,e-ro-pa-ke-ta/ e-ro-pa-ke-u,,,,,,ελλοφαγέτας/ ελλοφαγεύς,,,,,,,,ellophagetas/ ellophageus,,,,,(deer) hunter (ελλός= young deer),
AlVYD,,,,"e-ru-m     . .
1-n1-Ja",,,,,,ελύμνιαι,,,,,,,,elymniai,,,,,roof beams,
AlCb,,,,e-ru-ta-ra,,,,,,ερυθρά,,,,,,,,erythra,,,,,red,
AlCb,,,,e-ru-ta-ra,,,,,,Ερύθρας,,,,,,,,Erythras,,,,,personal name,
ΗΊΙ+,,,,e-ru-to-ro,,,,,,Ερυθρός,,,,,,,,Erythros,,,,,personal name (= red),
AYf,,,,". .
e-sa-re-wι-Ja",,,,,,ΕσαλέFια,,,,,,,,Esalevia,,,,,ethnic name of 'Esalos',
ΑΥf ί,,,,"e-sa-re-u/
e-sa-re-we/ e-sa-ro",,,,,,Εσαλεύς/Εσαλος,,,,,,,,Esaleus/Esalos,,,,,place name,
ACXJ,,,,e-ta-je-u,,,,,,Εταγεύς,,,,,,,,Etageus,,,,,place name,
ΑΙ]ψj,,,,"e-ta-wo-ne-u/
e-ta-wo-ne-we/ e-ta-wo-ne-wo",,,,,,ΕταFονεύς,,,,,,,,Etavoneus,,,,,personal name,
Α=Ι=,,,,e-te,,,,,,ένθεν,,,,,,,,enthen,,,,,(from) inside,
Α=Ι=ΙΞ)r,,,,e-te-do-mo,,,,,,(e-te)δόμος,,,,,,,,(e-te)domos,,,,,profession (δόμος= house),
A=l=Fιl,,,,e-te-wa,,,,,,ΕτέFας,,,,,,,,Etevas,,,,,personal name,
A=l=Bffif fιlΨΊ,,,,"e-te-wo-ke-re-
. .
we+JO",,,,,,ΕτεFοκλέFειος (>Ετεόκλιος),,,,,,,,Eteoklevios (Eteoklios),,,,,'son of Eteokleus',
ΜfιΙ,,,,e-ti-we,,,,,,(e-ti-)Fεν,,,,,,,,(e-ti-)fen,,,,,proνided with 'e- ti?',
Aivo,,,,e-to-ki-ja,,,,,,εντοίχια,,,,,,,,entoihia,,,,,fittings for insertion in walls,
ΑίΥΊ,,,,e-to-ni-jo,,,,,,ετώνιον,,,,,,,,etonion,,,,,free-hold,
Ai+l'C,,,,e-to-ro-qa-ta,,,,,,εντροπάται (>τροπωτήρ),,,,,,,,entropatai (>tropoter),,,,,oar-thongs,
ΑίΒCΨ,,,,e-to-wo-ko,,,,,,εντοσFοργοί,,,,,,,,entosvorgoi,,,,,'inside workers' (see aslo 'eksovorgoi'),
Αί Ξ)r,,,,e-u-da-mo,,,,,,Εύδαμος,,,,,,,,Eudamos,,,,,personal name,
ΑίχΖ+,,,,e-u-de-we-ro,,,,,,ΕυδείFελος,,,,,,,,Eudeivelos,,,,,place name,
f s,,,,e-u-do-no,,,,,,Εύδονος,,,,,,,,Eudonos,,,,,personal name,
mί,,,,e-u-ke-to,,,,,,εύχετοι (εύχομαι),,,,,,,,euhetoi (eflιomai),,,,,he/she wishes,
CΨί1,,,,e-u-ko-me-no,,,,,,Ευχόμενος,,,,,,,,Euhomenos,,,,,personal name,
ίχ,,,,e-u-me-de,,,,,,Ευμέδης,,,,,,,,Eumedes,,,,,personal name,
ίΨ,,,,e-u-me-ne,,,,,,Ευμένης,,,,,,,,Eumenes,,,,,personal name,
ί[,,,,e-u-me-ta,,,,,,Ευμέτας,,,,,,,,Eumetas,,,,,personal name,
ϊΔ,,,,e-u-na-wo,,,,,,ΕύναFος,,,,,,,,Eunavos,,,,,personal name,
LΓr,,,,e-u-o-mo,,,,,,Εύορμος,,,,,,,,Euormos,,,,,personal name,
+Δ,,,,e-u-po-ro-wo,,,,,,ΕύπλοFος,,,,,,,,Euplowos,,,,,personal name,
l Ξ)(,,,,e-u-ru-da-mo,,,,,,Ευρύδαμος,,,,,,,,Euridamos,,,,,personal name,
ίfΞ)rΊ,,,,e-u-ru-po-to- re-mo-Jo,,,,,,Ευρυπτολέμοιο (Ευρυπτόλεμος),,,,,,,,Euryptolemoio (Euryptolemos),,,,,personal name,
lt[,,,,"e-u-ru-qo-ta/
e-u-ru-wo-ta",,,,,,Ευρυπότας,,,,,,,,Eurypotas,,,,,personal name,
crΔ,,,,e-u-ta-re-wo wo-wo,,,,,,"ΕυθαλέFος
FόpFoς",,,,,,,,Euthalevos vorvos,,,,,place name (see also 'vorvos'),
mcr+,,,,e-u-wa-ko-ro/ e-wa-ko-ro,,,,,,Εύαγρος,,,,,,,,Euagros,,,,,personal name,
Aarrιϊ,,,,e-we-pe-se-so- me-na,,,,,,εFεψεσόμενα (>ευτρόσσεσθαι),,,,,,,,efepsesomena (>eutrosesthai),,,,,'(things) to be retumed',
A&rro,,,,"e-w1-n-p. .
1-Ja",,,,,,ΕFρίπια,,,,,,,,Evripia,,,,,ethnic name of 'Evripos' (fem.),
Α&,,,,e-wι-n-po,,,,,,ΕFρίπως,,,,,,,,Evripos,,,,,place name,
,,,,,,,,,,(>Εύριπος),,,,,,,,(>Euripos),,,,,,
NEtCΨ,,,,e-wi-su-zo-ko/ e-wi-su-*79-ko,,,,,,εFισύζορκος/ εFισύ(ζυ;)ρκος,,,,,,,,efisyzorkos/ efisy(zu?)rkos,,,,,"decorative motif ('with deer οη both sides?')
(>επίσης= equaly+
>δορκάς= roe deer)",
MJ,,,,"e-wi-ta-jo/
e-wi-te-wi-jo",,,,,,ΕFιταίος/ ΕFιτέFιος,,,,,,,,Evitaios/ Evitevios,,,,,ethnic name of 'Eviteus',
Α&=Ι=ί,,,,e-wi-te-u/ e-wi-te-we,,,,,,ΕFιτεύς/ ΕFιτέFει,,,,,,,,Eviteus/ Evitevei,,,,,place name,
AtB,,,,e-zo-wo,,,,,,ΈζωFος,,,,,,,,Ezovos,,,,,personal name,
,,,,,,,,,,,,,,,,,,,,,,,,
Ψιιιυ,,,,i-do-me-ne-ja/ i-do-me-ne-jo,,,,,,Ιδομένεια/ Ιδομένειος,,,,,,,,Idomeneia/ Idomeneios,,,,,personal name (fem.),
ΨD=Ι=,,,,i-ja-te,,,,,,ιάτερ/ιατήρ,,,,,,,,iater,,,,,doctor/curator,
ΨΟΒΨ,,,,". .
1-Ja-wo-ne",,,,,,ΙαFόνει (ΙάFων),,,,,,,,Iafonei (lafon),,,,,personal name,
Ψxf D,,,,". .
1-Je-re-Ja",,,,,,ιέρεια,,,,,,,,lere1a,,,,,priestess,
Ψχf ί,,,,"i-(j)e-re-u/
. .
1-Je-re-wo",,,,,,ιερεύς/ ιερέFος,,,,,,,,iereus/ lerevos,,,,,priest,
Ψχf Ί,,,,". .         . .
1-Je-re-wl-JO",,,,,,ιερέFιος,,,,,,,,lerevιos,,,,,(someone) belonging to the priesthood,
Ψχ+,,,,"i-je-ro/
. .
1-Je-ro-Jo",,,,,,ιερός,,,,,,,,leros,,,,,"sacred, holly",
Ψχ+ΒCΨ,,,,i-je-ro-wo-ko,,,,,,ιεροFοργός (>ιερουργός),,,,,,,,lerovorgos (>ierourgos),,,,,a sacrificing priest,
Ψχί,,,,i-je-to,,,,,,ίεντοι/ίετο (ίημι),,,,,,,,ientoi/ieto (ieimi),,,,,delivered (also with the religious meaning),
ΨχΖ,,,,"i-je-we/
. .
1-JO",,,,,,"ιεFεί/ιός (>υιός, γιός)",,,,,,,,"ievei/ios (>ios, yios)",,,,,son,
ΨΊ=Ι=,,,,i-jo-te,,,,,,ιόντες (ίημι),,,,,,,,iontes (ieimi),,,,,(they who are) com1ng,
Ψmi,,,,i-ke-u,,,,,,ικεύς (>ικέτας/ικέτης),,,,,,,,ikeus (iketas/iketeis),,,,,suppliant,
ΨΥD,,,,". .
1-Πl-Ja",,,,,,Ίνια,,,,,,,,Inia,,,,,personal name (fem.),
ΨDίχο,,,,i-pe-me-de-ja,,,,,,Ιφεμέδεια (>Ιφιμήδεια),,,,,,,,Iphemedeia (>Iphimedia),,,,,goddess' s name,
ΨDίΧΟΤ,,,,"i-pe-me-de-ja-
JO",,,,,,Ιφεμεδειαίον,,,,,,,,Iphemedeiaion,,,,,sanctuary of 'Iphemedeia',
ψ[ffιl,,,,1-pe-se-wa,,,,,,ΙψέFας,,,,,,,,Ipsewas,,,,,personal name,
ψ \,,,,1-po-no,,,,,,ιπνός,,,,,,,,ιpnos,,,,,"kind of pot/ cooking bowl (>ιπνός= oven, furnace)",
ψ -Υ-Ψ,,,,".                .
l-po-po-qo-1
*i- qo-po-qo-i?",,,,,,ιπ(π)οπόποι (>ιπποκόμος),,,,,,,,ip(p)opopoi (>ippokomos),,,,,horse- grooms (problematic orthograph y),
Ψ@ο,,,,(po-ti-ni-ja)  1- qe-a,,,,,,(πότνεια) Ιπ(π)εία,,,,,,,,(potnia) Ip(p)eia,,,,,goddess' s name (='mistress of the horses'),
Ψlο,,,,i-qi-ja/ i-qi-jo,,,,,,ιπ(π)ία/ιπ(π)ίω,,,,,,,,ip(p)ia/ip(p)io,,,,,chariot,
Ψ-Υ-,,,,1-qo,,,,,,ίπ(π)ος,,,,,,,,ip(p)os,,,,,horse,
Ψ-Υ-,,,,ι-qo-e-qe,,,,,,ιπ(π)ο(e-qe),,,,,,,,ιπ(π)ο(e-qe),,,,,saddle?,
ΨΕΒlί,,,,i-su-ku-wo-do- to,,,,,,ΙσυχύFδοτος,,,,,,,,Isyhywdotos,,,,,personal name,
Ψ=Ι=w,,,,i-te-ja-o/ i-te-u,,,,,,"ιθειάων (ιθείαι)/ ιθεύς
(>ιθύνω)",,,,,,,,"itheiaon (itheiai)/ itheus
(>ithyno)",,,,,"weavers
(>ιθύνω= to make straight)",
Ψί2Υ,,,,i-to-we-sa,,,,,,(i-to) Fεσσα,,,,,,,,(i-to)vessa,,,,,haνing ('i-to?'),
Ψmffi,,,,"i-wa-ka/
i-wa-ka-o",,,,,,ΊFαξ,,,,,,,,Ivax,,,,,personal name,
ψfιlr=(,,,,ι-wa-so,,,,,,ΊFασος,,,,,,,,Ivasos,,,,,personal name,
,,,,,,,,,,,,,,,,,,,,,,,,
τιr=r \,,,,"jo-( do-so-si)/
jo-(o-po-ro)",,,,,,ως,,,,,,,,os,,,,,introductory particle (see also 'ο-'),
,,,,,,,,,,,,,,,,,,,,,,,,
ΕΒΗιίJ,,,,ka-da-mi-ja,,,,,,καρδαμία (>κάρδαμον),,,,,,,,kardamia (>kardamon),,,,,(some product related to) garden cress,
ΕΒ +,,,,ka-da-ro,,,,,,Χάνδαρος,,,,,,,,Handaros,,,,,personal name,
EBA>f11,,,,ka-e-sa-me-no,,,,,,Καεσάμενος,,,,,,,,Kaesamenos,,,,,personal name,
ΕΒί,,,,ka-e-se-u/ ka-e-se-we,,,,,,Καεσεύς,,,,,,,,Kaeseus,,,,,personal name,
EBffii,,,,"ka-ke-u/
ka-ke-u-si/ ka-ke-we",,,,,,χαλκεύς/ χαλκεύσι/ χαλκήFες,,,,,,,,halkeus/ halkeusi/ halkives,,,,,copper worker,
EBffii,,,,ka-ke-u,,,,,,Χαλκεύς,,,,,,,,Halkeus,,,,,personal name,
ffivo,,,,ka-ki-ja/ ka-ke-ja/ ka-ki-jo,,,,,,χαλκία/ χαλκίος,,,,,,,,halkia/ halkios,,,,,made of copper,
ΕΘCΨ,,,,"ka-ko/
ka-ke-ja-pi",,,,,,χαλκός/χαλκόν χαλκείαφι,,,,,,,,halkos/halkon halkeiaphi,,,,,copper,
ffiffi,,,,ka-ma,,,,,,κάμα,,,,,,,,kama,,,,,unit of land,
ΕΘ,,,,ka-ma-e-u/ ka-ma-e-we,,,,,,καμαεύς,,,,,,,,kamaeus,,,,,owner of a 'kama',
ffiycψ,,,,ka-na-ko,,,,,,κνάκος (>κνήκος),,,,,,,,knakos (>knekos),,,,,safflower (plant),
ffiy[f,,,,ka-na-pe-u/ ka-na-pe-we,,,,,,κναπεύς (κνάπτω),,,,,,,,knapeus (knapto),,,,,occupation (κνάπτω= to card),
ΕΘ+\Ο,,,,ka-pa-si-ja/ ka-pa-ti-ja,,,,,,Καρπασία/ Καρπαθία,,,,,,,,Karpasia/ Karpathia,,,,,personal/ ethnic name of 'Karpathos'(fem.),
ffi[ffιlCΔΔ,,,,ka-pe-se-wa-o wo-wo,,,,,,(ka-pe-se-wa-o) FόρFος,,,,,,,,(ka-pe-se-wa-o) vorvos,,,,,place name (see 'νοrνοs'),
ffiffiYD,,,,ka-pi-ni-ja,,,,,,καπνία,,,,,,,,kapnia,,,,,'chimney',
ΕΘ,,,,ka-po,,,,,,καρπός,,,,,,,,karpos,,,,,fruit,
ffibΊ1ffi,,,,ka-ra-a-pi,,,,,,καράαφι,,,,,,,,karaaphi,,,,,with a head,
ffibl+,,,,"ka-ra-do-ro/
ka-ra-do-ro -de",,,,,,Χάραδρος,,,,,,,,Haradros,,,,,place name (= gorge),
ffiblfιl[,,,,ka-ra-do-wa-ta,,,,,,ΧαραδοFάτας,,,,,,,,Haradovatas,,,,,personal name,
ffibCΨ,,,,ka-ra-ko,,,,,,γλάχων (>βλήχων),,,,,,,,glahon (>blehon),,,,,pennyroyal (plant),
ffibffii,,,,ka-ra-ma-to,,,,,,κλάσματος (κλάσμα),,,,,,,,klasmatos (klasma),,,,,"fragment, part",
EBb+r=r,,,,ka-ra-pa-so,,,,,,Κάρπασος (>Κάρπαθος),,,,,,,,"Karpasos
(>Karpathos)",,,,,place name,
ffibf Z,,,,ka-ra-re-we,,,,,,κλάρεFες/ κλαρέFει( ς) (κλαρεύς;),,,,,,,,klareves/ klarevei( s) (klareus?),,,,,kind of pot (stirrup jar),
ffibiCΨ,,,,ka-ra-u-ko,,,,,,Γλαύκος,,,,,,,,Glaukos,,,,,personal name,
ffibZ,,,,ka-ra-we,,,,,,"γράFες
(*γραύς >γραία)",,,,,,,,"graves
(*grafs >graia)",,,,,old women,
ffib +,,,,ka-ra-wi-po-ro,,,,,,κλα(δ)Fιφόρος (>κλειδοφόρος),,,,,,,,kla(d)viphoros (>kleidophoros),,,,,"religious title
(='key-bearer?')",
ΕΘΙF,,,,ka-ri-se-u,,,,,,Χαρισεύς,,,,,,,,Hariseus,,,,,personal name,
ΕΘ \Ί,,,,ka-ri-si-jo,,,,,,Χαρίσιος,,,,,,,,Harisios,,,,,personal name,
ΕΘ+-Υ-,,,,ka-ro-qo,,,,,,Χάροψ,,,,,,,,Harops,,,,,personal name,
E91m,,,,ka-ru-ke,,,,,,κάρυκες (κάρυξ> κήρυξ),,,,,,,,karykes (karyx> keryx),,,,,heralds,
Ε91Υ11,,,,ka-ru-pi/ ka-ru-we,,,,,,καρύφι/καρύFει (καρύα),,,,,,,,karyphi/karyfei (karya),,,,,(made of) nut- tree,
ffili,,,,ka-ru-to,,,,,,Κάρυστος,,,,,,,,Karystos,,,,,place name,
ΕΘΥΙ,,,,ka-sa-to,,,,,,Ξάνθος,,,,,,,,Xanthos,,,,,personal name,
ΕΘΟΙΙ,,,,ka-ta-wa,,,,,,ΚαταFάς,,,,,,,,Katawas,,,,,personal name,
ffiffi,,,,ka-ti,,,,,,κάρτις;,,,,,,,,kartis?,,,,,kind of pot (hydria),
ΕΘΙ,,,,ka-to/ ka-to-ro,,,,,,Κάστωρ,,,,,,,,Kastor,,,,,personal name,
ffiψf,,,,ka-tu-re-wi-ja/ ka-tu-ro2,,,,,,κανθυλήFιαι,,,,,,,,kanthyleviai,,,,,saddle- bags,
ffiis,,,,ka-u-no,,,,,,Χαύνος,,,,,,,,Haunos,,,,,personal name,
ffitA,,,,ka-zo-e,,,,,,κάζοες (κάκΥοες> κακίονες),,,,,,,,kazoes (kakYoes> kakiones),,,,,(of) worse (quality),
ffiA,,,,"ke-e/
ke-i-ja-ka-ra- na",,,,,,"Κείεt/
Κεία Κράνα",,,,,,,,"Keiei/
Keia Κrana",,,,,place name (>κρήνη= spring),
mΨΊ,,,,ke-i-jo,,,,,,Κείος,,,,,,,,Keios,,,,,ethnic name of 'Keia/Κeie',
mffiiis,,,,ke-ka-u-me-no,,,,,,κεκαυμένος,,,,,,,,kekaumenos,,,,,burnt,
mffiiϊ,,,,ke-ke-me-na/ ke-ke-me-no,,,,,,κεκειμένα/ κεκείμενος,,,,,,,,kekeimena/ kekeimenos,,,,,common (refeπing to ktoina= plot; see opp. 'ktimena'),
mv,,,,ke-ki,,,,,,Κελχίς,,,,,,,,Kelhis,,,,,place name,
mvx,,,,ke-ki-de,,,,,,Κελχίδες,,,,,,,,Kelhides,,,,,ethnic name of 'Kelhis',
ffiW,,,,ke-ki-jo,,,,,,Κέρκιος,,,,,,,,Kerkios,,,,,personal name,
mb,,,,"ke-ra/
ke-ra-a2/ ke-ra-e/
ke-ra(-ja)/-i-ja ke-ra-ja-pi",,,,,,κέρας/ κέραhα,,,,,,,,keras/ keraha,,,,,horn (implying the material),
mbAZ,,,,ke-ra-e-we,,,,,,κεραέFει( ς) (κεραεύς),,,,,,,,keraevei(s) (keraeus),,,,,horn worker,
ffibiD,,,,ke-ra-me-ja,,,,,,Κεραμεία,,,,,,,,Kerameia,,,,,personal name (fem.),
mbii,,,,ke-ra-me-u / ke-ra-me-wo,,,,,,Κεραμεύς,,,,,,,,Kerameus,,,,,personal name,
mbii,,,,ke-ra-me-u,,,,,,κεραμεύς,,,,,,,,kerameus,,,,,potter,
"wbuu
ffi oΛ1",,,,ke-ra-no,,,,,,κελαινός,,,,,,,,kelainos,,,,,"dark, black",
mbr,,,,ke-ra-so,,,,,,Κερασώ,,,,,,,,Keraso,,,,,personal name (fem.),
mbmuBB,,,,ke-ra-ti-jo-jo wo-wo,,,,,,Κερατίοιο FόρFος,,,,,,,,Keratioio vorvos,,,,,"place name
(see also 'vorvos')",
mbίΊ,,,,ke-ra-u-jo,,,,,,Κεραύιος,,,,,,,,Keravios,,,,,personal name,
mrι,,,,ke-re-a2,,,,,,σκελέhας (>σκέλος),,,,,,,,skelehas (>skelos),,,,,legs,
ffif \ΊZffi,,,,ke-re-si-jo we- ke,,,,,,κρησιοFεργής,,,,,,,,kresiovergeis,,,,,of Cretan style,
mr+r,,,,ke-re-te-u,,,,,,Κρηθεύς,,,,,,,,Κretheus,,,,,personal name,
mrffiB,,,,ke-re-ti-wo,,,,,,ΚρήθιFος,,,,,,,,Κrethivos,,,,,place name,
ffi+\O,,,,ke-ro-si-ja,,,,,,γερονσία (>γερουσία),,,,,,,,"yeronsιa
(> yerousia)",,,,,council of elders ('senate'),
ffi+B,,,,ke-ro-wo,,,,,,ΚέροFος,,,,,,,,Kerovos,,,,,personal name,
mYI+,,,,ke-sa-do-ro,,,,,,Κέσανδρος,,,,,,,,Kesandros,,,,,personal name,
mΙΨ&:Ο,,,,ke-se-ne-wi-ja/ ke-se-ni-wi-ja/ ke-se-nu-wi-ja/ ke-se-ni-wi-jo/ ke-se-nu-wo,,,,,,ξένFια/ξένFιος (>ξένια/ξένιος),,,,,,,,xenwia/xenwios (>xenia/xenios),,,,,divine epithet (ξένιος= 'hospitable'),
mί,,,,"ke-u-po-da/ ke-u-po-da-o/
ke-u-po-de-ja",,,,,,χευσπόνδας/ χευσπόνδεια,,,,,,,,heuspondas/ heuspondeia,,,,,(=libation pourer),
miY,,,,ke-u-sa,,,,,,Κέουσας,,,,,,,,Κέουσας,,,,,personal name,
mΖίΊ,,,,ke-we-to-jo,,,,,,ΚηFέτοιο (ΚηFέτος),,,,,,,,Kevetoio (Kevetos),,,,,personal name,
vYD,,,,ki-ni-di-ja,,,,,,Κνίδια(ι),,,,,,,,Knidia(i),,,,,ethnic name (fem.),
νc,,,,ki-ri-ta,,,,,,κριθά (>κριθή),,,,,,,,kritha (>krithe),,,,,barley,
ν,,,,ki-si-wi-ja,,,,,,ΞίFια(ι),,,,,,,,Xivia(i),,,,,ethnic name of '>Chios?' (fem.),
\][Js,,,,ki-ta-no,,,,,,κίρτανος (>κρίτανος),,,,,,,,kirtanos (>kritanos),,,,,terebinth tree (see also 'ti-mi-to'),
νm\,,,,ki-ti-je-si,,,,,,κτίενσι,,,,,,,,ktiensi,,,,,"they cultivate (>κτίζω?= to settle, to found)",
νmιϊ,,,,ki-ti-me-na/ ki-ti-me-no,,,,,,κτιμένα/κτιμένος,,,,,,,,ktimena/ktimenos,,,,,"settled, owned (see also 'ktoina')",
vffiC,,,,ki-ti-ta,,,,,,κτίτας,,,,,,,,ktitas,,,,,"inhabitant, settler",
Vί,,,,ki-to,,,,,,χιτών,,,,,,,,hiton,,,,,"chiton, type of clothing",
vB,,,,"ki-wo/
ki-wo-na-de",,,,,,κίFων,,,,,,,,kiwon,,,,,pillar,
crιτ,,,,ko-do-jo,,,,,,Κοδοίο (Κόδος),,,,,,,,Kodoio (Kodos),,,,,personal name,
CΨΕ9+,,,,ko-ka-ro/ ku-ka-ro,,,,,,Κώκαλος/ Κύκαλος,,,,,,,,Kokalos/ Kykalos,,,,,personal name,
crv,,,,ko-ki-da,,,,,,Κόλχιδας,,,,,,,,Kolhidas,,,,,personal name,
rn,,,,ko-ki-jo,,,,,,Κόλχιος,,,,,,,,Kolhios,,,,,personal name,
crvro,,,,ko-ki-re-ja/,,,,,,κολχιρεία/ (*κολχίας>,,,,,,,,kolhireia (*kolhias>,,,,,"shell-shaped, spiral",
,,,,,,,,,,κοχλίας),,,,,,,,kohlias),,,,,,
,,,,ko-ku,,,,,,κόγχυς;,,,,,,,,konhys?,,,,,(>κόγχη= a mussel/something sharp),
+,,,,ko-ku-ro,,,,,,κογχυλός,,,,,,,,konhylos,,,,,shell-shaped/ purple,
αιz,,,,"ko-ma-we/
ko-ma-we-te/ ko-ma-we-to",,,,,,ΚομάFεις/ ΚομαFέντει/ ΚομαFέντος,,,,,,,,Komafeis/ Komafentei/ Komafentos,,,,,personal name (>κομάεις=  'with nice  hair'),
αιzc,,,,ko-ma-we-ta,,,,,,κομαFέντα,,,,,,,,komafenta,,,,,(κόμμα= stamp),
αιz+ο,,,,ko-ma-we-te-ja,,,,,,ΚομαFέντεια,,,,,,,,Komafenteia,,,,,goddess' s name (κόμα>κόμη= hair),
\,,,,ko-no,,,,,,σκοίνος,,,,,,,,skoinos,,,,,"schinus, rush (plant)",
s\O,,,,ko-no-si-ja/ ko-no-si-jo,,,,,,Κνώσια/ Κνώσιος,,,,,,,,Knosia/ Knosios,,,,,ethnic name of 'Knossos',
J=(,,,,"ko-no-so/
ko-no-so-de",,,,,,Κνωσός/ Κνωσόνδε,,,,,,,,Knosos/ Knosonde,,,,,place name,
mϊ,,,,ko-pi-na,,,,,,κοφίνα; (>κόφινος),,,,,,,,kophina? (>kophinos),,,,,'coffin?' (>κόφινος= basket),
r+,,,,ko-re-te/ ko-re-te-re,,,,,,κορέτερ/ κορέτηρες,,,,,,,,koreter koreteres,,,,,official title ('mayor'),
r+τ,,,,ko-re-te-ri-jo,,,,,,κορετήριον,,,,,,,,koreterion,,,,,refeπing to the 'koreter' (='mayor's  house'),
Ιϊ,,,,ko-ri-a2-da-na/ ko-ri-ja-da-na/ ko-ri-ja-do-no/ ko-ri-jo-da-na,,,,,,"κολίαδνα/ κολίαδνος
(>κολίαντρος)",,,,,,,,koriadna/ koriadnos (>koliantros),,,,,coriander (plant),
cr \O,,,,ko-ri-si-ja/ ko-ri-si-jo,,,,,,Κορίνσια/ Κορίνσιος (>Κορίνθια/ Κορίνθιος),,,,,,,,"Korinsia/ Korinsios
(>Korinthia/ Korinthios)",,,,,ethnic name of 'Koήnthos',
CΨί,,,,ko-ri-to,,,,,,Κόρινθος,,,,,,,,Korinthos,,,,,place name,
CΨ+ΊΒ,,,,"ko-ro-jo-wo-
. .
Wl-Ja",,,,,,κροιοFόρFια,,,,,,,,kroiovorvia,,,,,place name,
CΨbΨΊ,,,,ko-ro-ku-ra-i- JO,,,,,,Κροκυλαίοι (>Κερκυραίοι;),,,,,,,,"Κrokylaioi
(>Kerkyraioi ?)",,,,,"ethnic name of
>'Kerkyra' (Corfu)?",
cr+s2Y,,,,ko-ro-no-we-sa,,,,,,κορωνόFεσσα (κορωνός/ κορώνη;),,,,,,,,koronovessa (koronos/ korone?),,,,,"(pot decoration) (κορωνός= curved, crooked,
κορώνη= sea-crow",
fl,,,,ko-ru/ ko-ru-pi,,,,,,κόρυς/ κόρυ(θ)φι,,,,,,,,korys kory(th)phi,,,,,helmet,
ff20,,,,ko(-ru-)we-ja,,,,,,κορυFεία (>κουρήια;),,,,,,,,koryveia (>koureia?),,,,,"related to 'ko-wa'/ to 'ko-ru?'
(see also 'qo-wi- ja')",
cr=rrτ,,,,ko-so-u-to,,,,,,Ξούθος/ξουθός,,,,,,,,Ksouthos,,,,,"personal name (= blond, tawny)",
ΠΨϊ,,,,ko-to-i-na/ ko-to-na/ ko-to-na-o,,,,,,κτοίνα/ κτοινάων,,,,,,,,ktoina/ ktoinaon,,,,,plot of land,
πacr,,,,ko-to-no(-o)- ko,,,,,,κτοινόοχοι,,,,,,,,ktoinoohoi,,,,,plot owners,
NdJ,,,,ko-tu-ro2/ ko-tu-ro2-ne,,,,,,Κοτυρίων/ Κοτυρίονει,,,,,,,,Kotyrion/ Kotyrionei,,,,,personal name,
ΝΖ,,,,ko-tu-we/ ko-tu-wo,,,,,,ΚοτύFεt/ΚότυFος,,,,,,,,Kotyvei/Kotyvos,,,,,place name,
crzo,,,,ko-we-ja,,,,,,κόρFεια (>κούρια),,,,,,,,korfeia (>kouria),,,,,like a 'korfa' (see next),
,,,,ko-wa,,,,,,"κόρFα
(>κούρη, κόρη)",,,,,,,,"korfa
(>koure, kore)",,,,,"young woman, girl",
CΨΔ,,,,ko-wo,,,,,,κόρFος (>κούρος),,,,,,,,korfos (>kouros),,,,,young man,
CΨΔ,,,,ko-wo,,,,,,κόFος (>κώας),,,,,,,,kovos (>koas),,,,,fleece,
IYD,,,,ku-do-ni-ja,,,,,,Κυδωνία,,,,,,,,Kydonia,,,,,place name (modern Chania),
ΕΒ +,,,,ku-ka-da-ro,,,,,,Κυκάδαρος,,,,,,,,Kykadaros,,,,,personal name,
ffirr,,,,ku-ke-re-u,,,,,,Κυκλεύς,,,,,,,,Kykleus,,,,,personal name,
V s,,,,ku-mi-no/ ku-mi-no-jo,,,,,,κύμινον,,,,,,,,kyminon,,,,,cumin (plant),
ϊο,,,,ku-na-ja/ ku-na-ki-si,,,,,,γυναία/ γυναιξί,,,,,,,,wynaia/ wynaiksi,,,,,woman,
yffi[,,,,ku-na-ke-ta/ ku-na-ke-ta-i,,,,,,κυναγέτας,,,,,,,,kynagetas,,,,,hunter,
+,,,,ku-pa-ri-si-jo,,,,,,Κυπαρίσιοι (Κυπαρίσιος),,,,,,,,Kyparisioi (Κyparisios),,,,,ethnic name of 'Kypaήsos',
+ ι,,,,[ku-]pa-ri-so,,,,,,Κυπαρισσός,,,,,,,,Kyparisos,,,,,place name,
++,,,,ku-pa-ro,,,,,,κύπαιρος,,,,,,,,kypairos,,,,,cyperus (plant),
++2,,,,ku-pa-ro-we,,,,,,κυπαιρόFεν,,,,,,,,kypairofen,,,,,made with 'kypairos'  (see previous),
[f+,,,,ku-pe-se-ro,,,,,,Κύψελος,,,,,,,,Kypselos,,,,,personal name,
mτ,,,,ku-pi-ri-jo,,,,,,Κύπριος,,,,,,,,Kyprios,,,,,ethnic name (of Cyprus),
bs,,,,ku-ra-no,,,,,,Κυλάνος,,,,,,,,Kylanos,,,,,personal name,
rz,,,,ku-re-we,,,,,,ΚουρήFες (>Κουρήτες),,,,,,,,"Koureves
(>Kouretes= a warlike tribe)",,,,,group name,
ljs,,,,"ku-ru-me-no/ ku-ru-me-no-
JO",,,,,,Κλυμένος,,,,,,,,Klymenos,,,,,personal name,
(,,,,ku-ru-so,,,,,,χρυσός,,,,,,,,hrysos,,,,,gold,
rΔCΨ,,,,ku-ru-so-wo- ko,,,,,,χρυσοFοργός (>χρυσουργός),,,,,,,,hrysovorgos (>hrysourgos),,,,,gold worker,
lL*56,,,,ku-ru-su-pa3,,,,,,χρυσυφαία;,,,,,,,,hrysyfaia?,,,,,kind of pot (tripod amphora),
Ε,,,,ku-su,,,,,,ξύν (>συν),,,,,,,,ksyn (>syn),,,,,plus,
Ε+,,,,ku-su-pa,,,,,,ξύμπαν (>σύμπαν),,,,,,,,ksympan (>sympan),,,,,whole,
ΕΙ#,,,,ku-su-to-ro-pa,,,,,,ξυ(ν)στροφά (>συστροφή),,,,,,,,ksy(n)stropha (>systrophe),,,,,"collection, gathering",
[\ff,,,,ku-ta-(i-)to,,,,,,Κύταιστος,,,,,,,,Kytaistos,,,,,place name,
cmτ,,,,ku-ta-ti-jo,,,,,,Κυταίσιος,,,,,,,,Kytaisios,,,,,ethnic name of 'Kytaistos',
=Ι=ϊΊ,,,,ku-te-se-jo,,,,,,κυτέσειος/ κυτεσείοις (>κύτισος),,,,,,,,kyteseios/ kyteseiois (>kytisos),,,,,made from ebony/ in ebony,
+,,,,ku-te-ra-o/ ku-te-ra3,,,,,,Κυθεραίος/ Κυθερέα(ι),,,,,,,,Kytheraios Kytherea(i),,,,,ethnic name of 'Kythera',
+rrm,,,,ku-te-re-u-pi,,,,,,Κυθερεύφι (Κύθηρα),,,,,,,,Kythereuphi (Kythera),,,,,place name (modern Κithira),
ψ['s,,,,ku-tu-qa-no,,,,,,Κτυγιάνωρ,,,,,,,,Ktygianor,,,,,personal name,
fιls,,,,ku-wa-no,,,,,,κύFανος (>κύανος),,,,,,,,kywanos (>kyanos),,,,,"gemstone, lapis lazuli (κύανος= blue)",
Fι11ΔCΨ,,,,ku-wa-no-wo- ko,,,,,,κυFανοFοργός,,,,,,,,kyvanovorgos,,,,,gemstone worker,
,,,,,,,,,,,,,,,,,,,,,,,,
ΜΕΘ,,,,ma-ka,,,,,,Μά Γά; (Μάτερ Γαία),,,,,,,,Ma Ga? (Mater Gaia),,,,,='mother earth?' (goddess' name),
ΜΕΘΔ,,,,ma-ka-wo,,,,,,ΜαχάFων,,,,,,,,Mahafon,,,,,personal name,
®Υ,,,,ma-na-sa,,,,,,Μάνασσα,,,,,,,,Manassa,,,,,goddess' s name,
mY \lr,,,,ma-na-sι-we- ko,,,,,,ΜνασίFεργος,,,,,,,,Mnasivergos,,,,,personal name,
ΜΥCΨ,,,,ma-ni-ko,,,,,,Μάνιχος,,,,,,,,Manihos,,,,,personal name,
f+,,,,ma-no-u-ro,,,,,,Μάνουρος,,,,,,,,Manouros,,,,,personal name,
ΨΥΊ,,,,". .
ma-ra-ne-nI-JO",,,,,,Μαλανένιοι,,,,,,,,Maranenioi,,,,,ethnic name (related to 'Marineu '?),
=Ι=ί,,,,ma-ra-te-u,,,,,,Μαλατεύς/ Μαλθεύς,,,,,,,,Marateus/ Maltheus,,,,,personal/ ethnic name,
2,,,,ma-ra-te-we / ma-ri-ti(-wi)-jo,,,,,,μαλαθήFες/ μαλθί(Fι)ος,,,,,,,,malathives/ malthi(vi)os,,,,,ethnic name,
ΨΔ,,,,ma-ra-tu-wo,,,,,,μαράθυFον (>μάραθος),,,,,,,,marathyvon (>marathos),,,,,fennel (plant),
αιfί,,,,ma-re-u/ ma-re-wo,,,,,,Μαλεύς,,,,,,,,Maleus,,,,,personal name,
ffiΨi,,,,ma-ri-ne-u/ ma-n-ne-we,,,,,,Μαρινεύς,,,,,,,,Marineus,,,,,god's name?,
ffiΨίΌΨ,,,,ma-n-ne-we- Ja-1,,,,,,ΜαρινέFεια( ι),,,,,,,,Marineveia(i),,,,,priestess of 'Marineus'?,
αιc,,,,ma-ri-ta,,,,,,Μάλιτας,,,,,,,,Malitas,,,,,personal/ ethnic name,
αι+m,,,,ma-ro-pι,,,,,,Μαλόφι (Μάλος),,,,,,,,Malophi (Malos),,,,,place name,
αι+,,,,ma-te/ ma-te-re,,,,,,μάτερ,,,,,,,,mater,,,,,mother,
αι+r+Ψο,,,,"ma-te(-re) te-i-
Ja",,,,,,Μάτερ Θεία,,,,,,,,Mater Theia,,,,,'=diνine mother',
αιι+,,,,ma-to(-ro- )pu- ro,,,,,,Ματρόπυλος,,,,,,,,Matropylos,,,,,place name,
ffiiffiΊ,,,,ma-u-ti-jo,,,,,,Μαύτιος,,,,,,,,Mautios,,,,,personal name,
ίχΨΊ,,,,me-de-i-jo,,,,,,Μέδειος,,,,,,,,Medeios,,,,,personal name,
ίffiDBB,,,,me-ka-o wo- wo,,,,,,(me-ka-o) FόρFος,,,,,,,,(me-ka-o) vorvos,,,,,"place name
(see also 'vorvos')",
ίΥΊ,,,,". .
me-nI-JO",,,,,,μήνιος,,,,,,,,"me. .
1n10s",,,,,related to 'mein' (see next),
ίs,,,,me-no,,,,,,"μηνός
(μην> μήνας)",,,,,,,,"meιnos
(mein> meinas)",,,,,month (μήν= month/moon/an Anatolian deity),
ίtα,,,,me-no-e-Ja,,,,,,μηνοεία,,,,,,,,menoeιa,,,,,moon shaped?,
ίf ffi/i,,,,"me-re-ti-ra 2/
me-re-ti-ri-j a",,,,,,μελέστριαι,,,,,,,,melestriai,,,,,flour grinders (fem.),
ifi+,,,,me-re-u-ro,,,,,,μέλευρον (>μάλευρον),,,,,,,,meleuron (>maleuron),,,,,flour,
ί,,,,me-ri/ me-ri-to,,,,,,μέλι(ν)/ μέλιτον,,,,,,,,meli(n)/ meliton,,,,,honey,
ί Μ=Ι=,,,,"me-ri-da-ma- te/
me-ri-du-ma-te",,,,,,μελιδάματες/ μελιδύματες,,,,,,,,melidamates/ melidymates,,,,,ceremonial title (=' distήbutors of honey'?),
ί=Ι=Β,,,,me-ri-te-wo,,,,,,μελιτέFος (μελιτεύς),,,,,,,,melitevos (meliteus),,,,,personal name/ occupation (μέλι= honey),
ί[,,,,me-ta,,,,,,μετά,,,,,,,,meta,,,,,"after, with",
ίDΙ\ ίϊ,,,,me-ta-ke-ku- me-na,,,,,,μετακεκυμένα,,,,,,,,metakekumena,,,,,dismantled?,
rcνM:,,,,me-ta-ki-ti-ta,,,,,,μετακτίτας,,,,,,,,metaktitas,,,,,settler οη a second- stage (see also 'ktitas'),
ίC+,,,,me-ta-pa/ me-ta-pa-de,,,,,,Μετάπα/ Μετάπανδε,,,,,,,,Metapa/ Metapande,,,,,place name,
iCf1U,,,,me-ta-pi-jo,,,,,,Μετάπιος,,,,,,,,Metapios,,,,,ethnic name of 'Metapa',
ί §ί,,,,me-to-qe-u,,,,,,Μετωπεύς,,,,,,,,Metopeus,,,,,personal name,
ίίΊi,,,,me-U-JO-a2,,,,,,μεFίοhα (>μείονα),,,,,,,,mevioha (>meiona),,,,,"smaller
(many things)",
ίΊ,,,,me-wi-jo/ me-U-JO,,,,,,μεFίων/μεFίος (>μείων),,,,,,,,mevion/mevios (>meion),,,,,"smaller
(one person)",
ίΊΑ,,,,me-wi-jo-e/ me-U-JO-e,,,,,,μεFίοες (>μείονες),,,,,,,,mevιoes (>meiones),,,,,"smaller
(many persons)",
ίt,,,,me-zo,,,,,,μέζων/μέζος (>μείζων),,,,,,,,mezon/mezos (>meizon),,,,,"greater, bigger (one person)",
itl,,,,me-zo-a2,,,,,,μέζοhα (>μείζονα),,,,,,,,mezoha (>meizona),,,,,"greater, bigger (many things)",
ίtΑ,,,,me-zo-e,,,,,,μέζοες (>μείζονες),,,,,,,,mezoes (>meizones),,,,,"greater, bigger (many persons)",
v,,,,-Πll,,,,,,-μιν,,,,,,,,-mιη,,,,,him/her,
lιkΠΏ,,,,mi-ra-ti-ja,,,,,,Μιλάτια(ι),,,,,,,,Milatia(i),,,,,ethnic name of 'Milatos'  (Miletus),
vc,,,,mi-ta,,,,,,μίνθα (>μέντα),,,,,,,,mintha (>menta),,,,,"mentha, mint (plant)",
ViZY,,,,mi-to-we-sa/ mi-to-we-sa-e,,,,,,μιλτόFεσσα,,,,,,,,miltovessa,,,,,(painted) red,
r-r=r,,,,mo-qo-so,,,,,,Μοψός,,,,,,,,Mopsos,,,,,personal name,
rrr,,,,mo-re-u,,,,,,Μολεύς,,,,,,,,Moleus,,,,,personal name,
rΒΙ,,,,mo-ri-wo-do,,,,,,μόλυβδος,,,,,,,,molyvdos,,,,,lead,
(+'?',,,,mo-ro-qa,,,,,,μορόπας,,,,,,,,moropas,,,,,official (military?) title,
r++,,,,mo-ro-po-ro/ mo-ro-qo-ro-Jo,,,,,,Μόροπλος,,,,,,,,Moroplos,,,,,personal name,
,,,,,,,,,,,,,,,,,,,,,,,,
ϊΨΙΊ,,,,". .
na-1-se-w1-Jo",,,,,,ΝαϊσέFιος,,,,,,,,Na'isevios,,,,,personal name,
ϊrιr,,,,na-u-do-mo,,,,,,ναυδόμος,,,,,,,,naudomos,,,,,ship worker,
ϊi\mf Z,,,,na-u-si-ke-re[- we],,,,,,ΝαυσικλέFεις (>Ναυσικλής),,,,,,,,Nausikleveis (>Νausikles),,,,,personal name,
ϊΊ,,,,". .
na-wI-JO",,,,,,"νάFιος
(ναFός>ναός)",,,,,,,,navιos (navos>naos),,,,,of the temple,
ϊ+,,,,na-wι-ro,,,,,,ΝάFιλος,,,,,,,,Navilos,,,,,personal name,
ΨχfιL,,,,ne-de-wa-ta/ ne-de-wa-ta-o,,,,,,ΝεδFάτας,,,,,,,,Nedwatas,,,,,personal name,
ΨχΖΑ,,,,"ne-de-we( -e)/
ne-do-wo-ta- de/
ne-do-wo-te",,,,,,ΝεδεFεί(ει)/ ΝeδFότανδε/ ΝέδFοθεν (ΝέδFα/ΝέδFων),,,,,,,,Nedevei(ei)/ Nedvotande/ Nedvothen (Nedfa/Nedfon),,,,,place name (>Νέδα= a modern river),
ψrNJsf,,,,ne-ti-ja-no(-re),,,,,,Νεστιάνωρ,,,,,,,,Nestianor,,,,,personal name,
ιfιl,,,,ne-wa/ ne-wo,,,,,,νέFα/νέFος (>νέα/νέος),,,,,,,,neva/nevos (>nea/neos),,,,,new,
Ofi,,,,no-pe-re-a2/ no-pe-re(-e),,,,,,νωφελέα,,,,,,,,nophelea,,,,,useless,
1   Bvx,,,,no-ri-wo-ki-de,,,,,,(ηο-ri-wο-)κιδες,,,,,,,,(no-ri-wo-)kides,,,,,ethnic/group name,
ι FιΙο,,,,"nu-wa-ja/
. .
nu-wa+Ja",,,,,,νυμFαία;,,,,,,,,numfaia?,,,,,kind of cloth/textile (>νυμφαία= yellow water-lily/ νύμφα= bride),
,,,,,,,,,,,,,,,,,,,,,,,,
[J,,,,"ο-/
o-a2/
o-da-a2/
o-de-qa-a2",,,,,,"ο-/ οhά/ οδάhα/
οδετάhα",,,,,,,,"ο-/ oha/ odaha/
odetaha",,,,,"introductory/ prothetic world
='who, in this manner' (see also 'jo-')",
[J  [,,,,"o-da-twe-ta /
o-da-tu-we-ta/ o-da-ke-we-ta/ o-da-ku-we-ta",,,,,,οδατFέντα (>οδούς= δόντι),,,,,,,,odathenta (>odous= tooth),,,,,provided with 'teeth'  (of wheels),
um12,,,,o-du-ru-we/ o-du-ru-wo,,,,,,ΟδρύFει (Οδρύς;),,,,,,,,Odryvei (Odrys?),,,,,place name,
DΠ\1&Ό,,,,o-du-ru-wi-ja/ o-du-ru-wi-jo,,,,,,ΟδρύFια/ ΟδρύFιος,,,,,,,,Odryvia/ Odryvios,,,,,ethnic name of 'Odryvei/Odrys',
Lffi,,,,o-ka,,,,,,ορχά (>αρχή),,,,,,,,orha (>arhe),,,,,command/mission/ (military) unit,
Lffib,,,,o-ka-ra,,,,,,Οιχαλαί,,,,,,,,Oihalai,,,,,place name,
Lffi,,,,o-ka-ra3,,,,,,Οιχαλέα(ι),,,,,,,,Oihalea(i),,,,,ethnic name of 'Oihalai',
[Jcψjψj,,,,o-ko-me-ne-u,,,,,,Ορχομενεύς,,,,,,,,Orhomeneus,,,,,personal name,
lliϊB,,,,o-ku-na-wo,,,,,,ΟκύναFος/ ΟκυνάFων,,,,,,,,Okynavos/ Okynafon,,,,,personal name,
ιrrm,,,,o-mo-pι,,,,,,όρμοφι (όρμος),,,,,,,,ormophi (ormos),,,,,with chains,
uϊ+r,,,,o-na-te-re,,,,,,ονάτερες,,,,,,,,onateres,,,,,lessees (see next),
[Jy[,,,,o-na-ta/ o-na-to,,,,,,όνατα/όνατον (ωνέομαι),,,,,,,,onata/onaton (oneomai),,,,,"lease
(ωνέομαι= to buy)",
LrYffiΊ1r11,,,,o-ni-ti-a-pi,,,,,,ορνίθιαφι (όρνις/όρνιθα),,,,,,,,ornithiaphi (ornis/ornitha),,,,,(with) birds,
LJ s,,,,ο-ηο,,,,,,όνος,,,,,,,,onos,,,,,ass,
LJ s,,,,ο-ηο,,,,,,ώνοι,,,,,,,,οηοι,,,,,(ώνια= payment),
rn,,,,o-nu-ka/ o-nu-ke,,,,,,όνυξ/όνυχες,,,,,,,,onyx/onyhes,,,,,"(anything like a) claw, nail",
[Jf,,,,o-pa,,,,,,όλπα (>όπλα;),,,,,,,,olpa (>opla?),,,,,term related with the delivery of things,
DFBC,,,,o-pa-wo-ta,,,,,,(ο-pa)φορτα,,,,,,,,(o-pa)forta,,,,,things being brought,
LD+,,,,o-pe-ro,,,,,,όφελος (>οφεtλή),,,,,,,,ophelos (>ophele),,,,,"debt, liability",
LD+Y,,,,o-pe-ro-sa/ o-pe-ro-ta/ o-pe-ro-te,,,,,,οφέλονσα/ οφέλοντας/ οφέλοντες,,,,,,,,ophelonsa/ ophelolontas/ ophelontes,,,,,she/he/they who owe,
LD+\,,,,o-pe-ro-sι,,,,,,οφέλονσι (>οφεiλουσι),,,,,,,,ophelonsi (>opheilousi),,,,,they owe,
LDC,,,,o-pe-ta,,,,,,Οφέλτας,,,,,,,,Opheltas,,,,,name,
U!1,,,,o-pi/ e-pι,,,,,,οπi/επί,,,,,,,,opi/epi,,,,,over/on top/in charge of,
rnrτ,,,,o-p1-a2-ra,,,,,,οπίhαλα,,,,,,,,opihala,,,,,"places by the sea, coastline (>άλιος= of the sea)",
U!\x r r,,,,o-pi-de-so-mo,,,,,,οπίδεσμοι,,,,,,,,opidesmoi,,,,,binding straps (see also 'de-so-mo'),
U!\ΨDl,,,,"o-p. . .    1
1+Ja-p",,,,,,οπιίαφι,,,,,,,,opiiaphi,,,,,parts of the reins,
crtffiDAZ,,,,o-pi-ka-pe-e- we,,,,,,οπισκαφέεFες,,,,,,,,opiskapheeves,,,,,"overseers of digging operations (σκάμμα= trench, pit)",
U!\mfVYD,,,,"o-pi-ke-re-mi- ni-ja/
o-pi-ke-re-mi- Ja-pι",,,,,,οπικελέμνια/ οπικελέμνιαφι,,,,,,,,opikelemnia/ opikelemniaphi,,,,,part of decoration (of chairs),
U!\ffirxr,,,,"o-pi-ke-wi-re-
Je-u",,,,,,,,,,,,,,,,,,,"(of tripods)
a fashion-style",
U!\VYΊ,,,,"o-p1-n-m    . .
1-n1-Jo",,,,,,Οπιλίμνιος/ Οπλίμνιος,,,,,,,,Opilimnios/ Oplimnios,,,,,personal name,
crre,,,,o-pi-su-ko,,,,,,οπισυγός,,,,,,,,opιsygos,,,,,'fig- overseer',
,,,,,,,,,,,,,,,,,,,,,,,(see also 'suza'),
cm++r,,,,o-pi-te-te-re,,,,,,οπιθετήρες,,,,,,,,opitheteres,,,,,chocks,
cmrrffi,,,,"o-pi-te(-u)-ke- e-u/
o-pi-te-u-ke-e- we/
o-pi-te-u-ke- we",,,,,,οπιτε(υ)χεεύς,,,,,,,,opite(u)heeus,,,,,overseer of weapons (=τεύχεα),
ιh-Υ-,,,,o-po-qo,,,,,,οπώπω (δυικ.) (όπωποι),,,,,,,,opopo (dual) (opopoi),,,,,blinders,
ιh+,,,,o-po-ro,,,,,,ώφλον (>οφεiλω),,,,,,,,ophlon (>opheilo),,,,,"they owed
(see also 'o-pe-ro- si')",
ufM BB,,,,o-re-e-wo wo- wo,,,,,,(o-re-e-wo) FόρFος,,,,,,,,(o-re-e-wo) vorvos,,,,,"place name
(see also 'vorvos')",
[Jfψ,,,,o-re-1,,,,,,όρει (όρος),,,,,,,,orei (oros),,,,,mountain,
urΞ)rΊmrr,,,,o-re-mo-a-ke- re-u,,,,,,(o-re-mo)  αγρεύς,,,,,,,,(o-re-mo)  agreus,,,,,place name (see also 'agros'),
[Jf[,,,,o-re-ta,,,,,,Ορέστας,,,,,,,,Orestas,,,,,personal name,
CJ+j s,,,,o-ro-me-no,,,,,,ορόμενος (ορώ),,,,,,,,oromenos (oro),,,,,watching over,
u1ΜΙ,,,,o-ru-ma-to,,,,,,Ορύμανθος,,,,,,,,Orymanthos,,,,,place name,
ΟΟϊΕ,,,,o-ti-na-wo,,,,,,ΟρτίναFος/ ΟρτινάFων,,,,,,,,Ortinavos/ Ortinavon,,,,,personal name,
D=I=,,,,o-te,,,,,,ότε (>όταν),,,,,,,,ote (>otan),,,,,when,
uI\,,,,"o-u-di-do-si/
o-u-di-do-to",,,,,,ου δίδονσι/ ου δίδονται,,,,,,,,ou didonsi/ ou didontoi,,,,,they don't giνe/ they are not given,
,,,,,,,,,,,,,,,,,,,,,,,(see also 'di-do- si'),
[j,,,,"o-u-/
o-u-ki-",,,,,,ου/ουχί (>όχι),,,,,,,,ou/ouhi (>ohi),,,,,not,
[j§,,,,o-u-qe,,,,,,ουκέ (>ούτε),,,,,,,,ouke (>oute),,,,,neither,
u=l=V,,,,(o-u-)te-mi,,,,,,(ου) τέρμις,,,,,,,,(ου) termis,,,,,without edges? (see '*te-mi '),
uB,,,,o-u-wo-ze,,,,,,ου Fόρζει,,,,,,,,ou vorzeι,,,,,not working (see also  'wo-ze'),
D xΌf,,,,o-wi-de-ta-i,,,,,,οFιδέται (οFιδέτας),,,,,,,,ovidetai (ovidetas),,,,,religious title ('sheep- flayers?'),
D ίΥΊ,,,,o-wi-to-ni-jo,,,,,,ΟFιτόνιοι,,,,,,,,Ovitonioi,,,,,ethnic name of 'Ovitnos',
Μί1,,,,o-wi-to-no,,,,,,ΌFιτνος,,,,,,,,Ovitnos,,,,,place name,
ΜΖ,,,,o-wo-we,,,,,,οFώFεις (οFός> ους),,,,,,,,ovofeis (ovos> ous),,,,,"with  'ears,' handles",
,,,,,,,,,,,,,,,,,,,,,,,,
+ ΧΙ,,,,pa-da-je-u/ pa-da-je-we/ pa-da-je-wo,,,,,,Πανδαγεύς,,,,,,,,Pandageus,,,,,personal name,
+ τ,,,,pa-di-jo,,,,,,Πανδίων,,,,,,,,Pandion,,,,,personal name,
+ΨΠΟ,,,,pa-i-ti-ja/ pa-i-ti-jo,,,,,,Φαίστια/ Φαίστιος,,,,,,,,Phaistia/ Phaistios,,,,,ethnic name of 'Phaistos',
+Ψί,,,,pa-i-to,,,,,,Φαιστός,,,,,,,,Phaistos,,,,,place name,
+DΒΨ,,,,pa-Ja-wo-ne,,,,,,ΠαιαFόνει (ΠαιάFων),,,,,,,,Paiawonei (Paiawon),,,,,god's name (>related to Apollo?),
+Εθϊ,,,,pa-ka-na,,,,,,φάσγανα,,,,,,,,phasgana,,,,,"small swords, knives",
+m+r,,,,pa-ke-te-re,,,,,,πακτήρες,,,,,,,,pakteires,,,,,pegs,
+vrn,,,,"pa-ki-ja-na/
pa-ki-ja-na-de/ pa-ki-ja-ne/
pa-ki-ja-pi/ pa-ki-ja-si",,,,,,Φασγιαναi/ Σφαγιαναί,,,,,,,,Phasgianai/ Sphagianai,,,,,place name (religious center near Pylos),
+VDYo,,,,pa-ki-ja-ni-ja/ pa-ki-ja-ni-jo/ pa-ki-ja-ni-jo-i/ pa-ki-ja-ni-jo- JO,,,,,,Φασγιανία(ι)/ Σφαγιανία( ι)/ Φασγιανίοι/ Σφαγιανίοι,,,,,,,,Phasgiania(i)/ Sphagiania(i)/ Phasgianioi/ Sphagianioi,,,,,ethnic name of 'Phasgianai/ Sphagianai',
+CΨ\U,,,,pa-ko-si-jo(-jo),,,,,,Σφακοσίοιο (Σφακόσιος),,,,,,,,Sphakosioio (Sphakosios),,,,,personal name,
+crz,,,,pa-ko-we,,,,,,σφακόFεν,,,,,,,,sfakofen,,,,,made with siege (plant),
+ω,,,,pa-ku-ro2,,,,,,Παγχυλίων,,,,,,,,Panhylion,,,,,personal name,
+ΜCΨ,,,,pa-ma-ko,,,,,,φάρμακον;,,,,,,,,pharmakon?,,,,,medicine,
+bΊ,,,,pa-ra-Jo,,,,,,Παραίος,,,,,,,,Paraios,,,,,personal name,
+bΊ,,,,pa-ra-Jo,,,,,,παλαιός,,,,,,,,palaios,,,,,old,
+b,,,,"pa-ra-ku/
pa-ra-ku-ja/
*56-ra-ku-ja",,,,,,>βαρακίς,,,,,,,,> varakis,,,,,dye- substance,
++,,,,pa-ro,,,,,,παρό (>παρά),,,,,,,,paro (>para),,,,,"to whom, 'chez'",
+Υ,,,,pa-sa,,,,,,πάνσαν (πάνσα),,,,,,,,pansan (pansa),,,,,all (fem.),
,,,,,,,,,,,,,,,,,,,,,,,,
+Yi,,,,pa-sa-lo,,,,,,ψάλον (>ψάλλιον),,,,,,,,psalon (>psallion),,,,,"chain, part of the bridle",
f \,,,,pa-sι,,,,,,πάνσι,,,,,,,,Pansi,,,,,all (neut.),
f \,,,,pa-sι,,,,,,φασί(ν) (φαμi/φημί),,,,,,,,phasi(n) (phami/phemi),,,,,they say,
+\=ΙυΨ,,,,pa-si-te-o-i,,,,,,πάνσι θεοίς,,,,,,,,pansi theois,,,,,to all gods,
+c,,,,pa-ta,,,,,,Πάτας,,,,,,,,Patas,,,,,personal name,
+rn,,,,"pa-ta-ja/
pa-ta-jo(-i)",,,,,,παλταιά (>παλτόν),,,,,,,,paltaia (>palton),,,,,arrow,
++,,,,pa-te,,,,,,πάντες (πας),,,,,,,,pantes (pas),,,,,all (masq.),
++,,,,pa-te,,,,,,πάτερ,,,,,,,,pater,,,,,father,
++rr,,,,pa-te-ko-to,,,,,,παντέκτων,,,,,,,,pantekton,,,,,'all-builder',
+z-r,,,,pa-we-a/ pa-we-o/ pa-we-pi/ pa-we-si/ pa-wo,,,,,,φάρFεα,,,,,,,,pharvea,,,,,textiles,
+Bffi,,,,pa-wo-ke/ pa-wo-ko,,,,,,πάρFοργες;,,,,,,,,parvorges?,,,,,ancillaries,
D,,,,pe-da,,,,,,πεδά,,,,,,,,peda,,,,,towards/after,
DXZY',,,,pe-de-we-sa,,,,,,πέδFεσσα,,,,,,,,pedvessa,,,,,having legs,
Ίb,,,,"pe-di-ra/
pe-di-ro(-i)",,,,,,πέδιλα,,,,,,,,pedila,,,,,sandals,
DΨ,,,,pe-1,,,,,,σφεις,,,,,,,,sfeis,,,,,them,
Dfl,,,,pe-ko-to,,,,,,πέκοτον;,,,,,,,,pekoton?,,,,,kind of textile,
DM,,,,pe-ma/ pe-mo,,,,,,σπέρμα/ σπέρμον,,,,,,,,sperma/ spermon,,,,,graιn,
DΨZC,,,,pe-ne-we-ta,,,,,,πνέFεντα;,,,,,,,,pnewenta?,,,,,type of cloth,
Dffi=l=i1Ί,,,,pe-pi-te-me- ΠΟ-JΟ,,,,,,Πεπιθμένοιο (Πεπιθμένος),,,,,,,,Pepithmenoio (Pepithmenos),,,,,personal name,
Dl'i,,,,pe-qa-to,,,,,,πέκFατοι (*πέδFατοι;),,,,,,,,pekvatoi (*pedvatoi?),,,,,part of a chariot (foot boards?),
Ί11Ψο,,,,"pe-ra-a-ko-ra-i- ja/
pe-ra-a-ko-ra-i- jo/
pe-ra3-ko-ra-i-
Ja",,,,,,Περαίαι-χωραίαι (= 'πέρα- χώρα'),,,,,,,,Peraiai-horaiai (= 'further provinces'),,,,,"place name (see opp.
'devroaihoraiai')",
Df,,,,pe-re,,,,,,φέρει(ν),,,,,,,,pherei(n),,,,,to bring,
Dfmi,,,,pe-re-ke-u/ pe-re-ke-we,,,,,,πελεκεύς,,,,,,,,pelekeus,,,,,hewer (πέλεκυς= axe),
Drτc,,,,pe-re-qo-ta/ pe-re-qo-ta-o/ qe-re-qo-ta-o,,,,,,Πρεσπότας,,,,,,,,Prespotas,,,,,personal name,
Dfi+ϊx,,,,pe-re-u-ro-na- de,,,,,,Πλευρώνανδε (Πλευρών),,,,,,,,Pleuronande (Pleuron),,,,,place name,
Dfi+YΊ,,,,"pe-re-u-ro-nι-
JO",,,,,,Πλευρώνιος,,,,,,,,Pleuronios,,,,,ethnic name of 'Pleuron',
Dl*s2,,,,pe-re-sa2,,,,,,Πρέσφα,,,,,,,,Presfa,,,,,goddess' s name,
Df *s2{,,,,pe-re-sa 2-Jo,,,,,,Πρέσφαιον,,,,,,,,Presfaion,,,,,sanctuary dedicated to 'Presfa',
,,,,pe-n-,,,,,,περι-,,,,,,,,pen-,,,,,about/of,
ίχ,,,,pe-ri-me-de,,,,,,Περιμήδης,,,,,,,,Perimedes,,,,,personal name,
[,,,,pe-ri-ta,,,,,,Πελίτας,,,,,,,,Pelitas,,,,,personal name,
=Ι=ί,,,,pe-ri-te-u,,,,,,Περιτεύς,,,,,,,,Periteus,,,,,personal name,
ίΒ,,,,pe-ri-to-wo,,,,,,ΠερίθοFος,,,,,,,,Perithovos,,,,,personal name,
D1 Fιl,,,,"pe-ru-si-nu-wa/ pe-ru-sι-nu- wo/
pe-ru-si-nwa/ pe-ru-sι-nwa-o",,,,,,περυσινFά/ περυσινυFό (>περυσινά/ περυσινό),,,,,,,,perysinwa/ perysιnwo (>perysina/ perysino),,,,,of last year,
[f+,,,,pe-se-ro,,,,,,Ψελλός,,,,,,,,Psellos,,,,,personal name,
DC+,,,,pe-ta-ro,,,,,,Πέταλος,,,,,,,,Petalos,,,,,personal name,
D=l=fm,,,,pe-te-re-wa/ pte-re-wa,,,,,,πτελεFάς (>πτελέα),,,,,,,,ptelewas (>ptelea),,,,,(made of) elm wood,
Dί1,,,,"pe-to-no
pe-to-no-de",,,,,,Πετονός/Πέτνος,,,,,,,,Petonos/Petnos,,,,,place name,
DίΥΊ,,,,pe-to-ni-jo,,,,,,Πετόνιος/Πέτνιος,,,,,,,,Petonios/ Petnios,,,,,ethnic name of Petonos/Petnos,
m,,,,-pl,,,,,,-φι,,,,,,,,-phi,,,,,instrumental/ ablative case,
r11T'2,,,,"pi-a2-ra/
p. .     3
1-Je-ra",,,,,,φιhάλα(ι)/ φιελαία(ι) (>φιάλη),,,,,,,,phihala(i)/ phiailaia(i) (>phiale),,,,,kind of pot,
mmrr,,,,pi-ke-re-u/ pi-ke-re-we/ pi-ke-re-wo,,,,,,Πικερεύς,,,,,,,,Pikereu s,,,,,personal name,
rDm,,,,p1-p1,,,,,,Πίπης,,,,,,,,Pipis,,,,,personal name,
mrn,,,,". .
pι-n-Ja-o",,,,,,φλιαίων (φλιαί),,,,,,,,phliaion (phliai),,,,,doorposts,
ffiX\;:I=,,,,"pi-ri-je-te/
pi-ri-je-te-re/ pi-ri-e-te-si",,,,,,πριέτερ/ πριέτερες/ πριέτεσι,,,,,,,,prieter/ prieteres/ prietesi,,,,,ivory worker (πρίω= to saw),
rn+zr,,,,pi-ro-we-ko,,,,,,ΦιλόFεργος,,,,,,,,Philovergos,,,,,personal name,
m*82,,,,p1-sa2,,,,,,Πίσφα/Πίσσια,,,,,,,,Pispha/Pissia,,,,,place name,
ffiYfιl[,,,,pi-sa-wa-ta,,,,,,ΠισFάτας,,,,,,,,Piswatas,,,,,personal name,
rrtffiί,,,,pi-ta-ke-u,,,,,,Πιτακεύς,,,,,,,,Pitakeus,,,,,personal name,
r!WWZY',,,,pi-ti-ro2-we-sa,,,,,,πτιλιόFεσσα (>πτίλον),,,,,,,,ptiliovessa (>ptilon),,,,,furnished with feathers? (πτίλον= feather),
,,,,po-da-ko,,,,,,Πόδαργος,,,,,,,,Podargos,,,,,personal/ animal name,
χ,,,,po-de/ po-pι,,,,,,ποδεί/πόφι (>πους),,,,,,,,podei/pophi (>pous),,,,,with legs,
ν m,,,,po-ki-ro-nu-ka,,,,,,ποικιλώνυχα,,,,,,,,"poikilonyha (poikilos= various
+onyhas= nail)",,,,,kind of decoration (compare with 'leukonyha'),
ί,,,,"po-me/
po-me-no/ po-me-ne",,,,,,ποιμήν/ ποιμένος/ ποιμένει,,,,,,,,poimen/ poimenos/ p01mene 1,,,,,shepherd,
Ym,,,,po-ni-ke,,,,,,φοινίκει,,,,,,,,phoinikei,,,,,decorated with a griffin or palm trees,
YmD,,,,po-ni-ke-(j)a/ po-ni-ki-ja/,,,,,,φοινίκια/ φοινίκιος,,,,,,,,phoinikia/ phoinikios,,,,,cnmson,
,,,,po-ni-ki-jo,,,,,,,,,,,,,,,,,,,,
rl\fD,,,,po-pu-re-Ja,,,,,,πορφυρεία,,,,,,,,porphyreia,,,,,purple (fem.),
rl\dJ,,,,po-pu-ro2,,,,,,Πορφυρίων,,,,,,,,Porfyrion,,,,,personal name,
§,,,,po-qe-wι-a,,,,,,φορεFιαί (>φορβειαί),,,,,,,,phoreviai (>phorveiai),,,,,halters,
fy,,,,po-re-na,,,,,,φορήναι (>φέρομαι;),,,,,,,,phorenai (>feromai?),,,,,attendees in sacrificial ceremonιes (φέρομαι=  to be brought),
Ε,,,,po-n-wo,,,,,,ΠόλιFος,,,,,,,,Polivos,,,,,personal name,
+,,,,po-ro,,,,,,πώλος,,,,,,,,polos,,,,,young horse,
+,,,,po-ro,,,,,,πώρος,,,,,,,,Poros,,,,,porous stone (kind of marble),
+,,,,po-ro-,,,,,,προ-,,,,,,,,pro-,,,,,before/pro-,
+Π\Μ=Ι=,,,,po-ro-du-ma-te,,,,,,προδύματες,,,,,,,,prodymates,,,,,family groups? (see also 'dymates'),
+Hm,,,,po-ro-e-ke,,,,,,προεχής,,,,,,,,proeheis,,,,,(table) fitting against the wall,
+crr+r,,,,po-ro-ko-re-te- re,,,,,,προκορέτερες,,,,,,,,prokoreteres,,,,,official title/ 'vice- mayors' (see also 'koreter'),
++i,,,,po-ro-te-u,,,,,,Πρωτεύς,,,,,,,,Proteus,,,,,personal name,
+i=l=i,,,,po-ro-u-te-u/ po-ro-u-te-we/ po-ro-u-te-wo,,,,,,Πλουτεύς,,,,,,,,Plouteus,,,,,personal name,
+ίΊ,,,,po-ro-wi-to(- jo),,,,,,ΠλωFιστοίο (ΠλώFιστος),,,,,,,,Plovistoio (Plovistos),,,,,month name,
1ffii,,,,po-ru-ka-to,,,,,,Πολύκαστος,,,,,,,,Polykastos,,,,,personal name,
χ,,,,po-ru-po-de,,,,,,πολυπόδει (πολύπους),,,,,,,,polypodei (polypous),,,,,(decorated with an) octopus,
lTC,,,,po-ru-qo-ta,,,,,,Πολυβότας,,,,,,,,Polyvotas,,,,,personal name,
ϊ u,,,,"po-se-da-o/
po-se-da-o-ne/ po-se-da-o-ni",,,,,,Ποσειδάων/ Ποσειδαόνει,,,,,,,,Poseidaon/ Poseidaonei,,,,,god's  name (>Poseidon),
\,,,,po-sι,,,,,,Ποσί,,,,,,,,posι,,,,,up/on,
\ m,,,,po-si-da-e-ja,,,,,,Ποσιδάεια,,,,,,,,Posidaeia,,,,,goddess' s name,
\ ΑΖ,,,,po-si-da-e-we,,,,,,ΠοσιδάεFες,,,,,,,,Posidaeves,,,,,cult association related to 'Poseidaon',
\,,,,"po-si-da-i-je-u/
po-si-da-i-je-u-
Sl",,,,,,Ποσιδαϊγεύς,,,,,,,,Posida'igeus,,,,,priest of 'Poseidaon',
\ ΨΊ,,,,po-si-da-i-jo/ po-si-da-i-jo- de,,,,,,Ποσιδαίον,,,,,,,,Posidaion,,,,,place dedicated to 'Poseidaon',
\m=Ι=r,,,,po-si-ke-te- re,,,,,,ποσικέτερες (>οικέτης;),,,,,,,,posiketeres (>oiketes?),,,,,dweller/house servant ('immigrants?'),
rDfΨ,,,,po-so-pe- re-1,,,,,,Ψώφρει (Ψώφρης),,,,,,,,Psophrei (Psophres),,,,,personal name,
,,,,po-so-ra-ko,,,,,,Ψώρακος,,,,,,,,Psorakos,,,,,personal name,
rro,,,,po-so-re-Ja,,,,,,Ψωρεία,,,,,,,,Psoreia,,,,,personal name (fem.),
",b",,,,,,,,,,,,,,,,,,,,,,,,
r+,,,,po-so-ro,,,,,,Ψώρος,,,,,,,,Psoros,,,,,personal name,
ffiYD,,,,po-ti-ni-ja,,,,,,Πότνια,,,,,,,,potnia,,,,,goddess/ 'beloved one',
ffiYDaJ,,,,"po-ti-ni-ja-we- ja/
po-ti-ni-ja-
we-(i-)jo/wi-jo",,,,,,ποτνιάFεια/ ποτνιάFειος,,,,,,,,potniaveia/ potniaveios,,,,,person related/ dedicated to 'potnia',
ffi111,,,,po-ti-pi,,,,,,Πόρτιφι (πόρτις),,,,,,,,portiphi (portis),,,,,(decorated  with a) young cow,
ffi+,,,,po-ti-ro,,,,,,ποντiλοι,,,,,,,,pontiloi,,,,,sailors,
rl\EΘCo,,,,pu-ka-ta-ri-ja,,,,,,,,,,,,,,,,,,,type of cloth,
rl\m +,,,,pu-ke-se-ro,,,,,,Πυγέσερος/ Πύξελος,,,,,,,,Pygeseros/ Pyxelos,,,,,personal name,
r\\Π,,,,pu-ko-so,,,,,,Πύξος,,,,,,,,pyxos,,,,,box- wood,
r\\br,,,,pu-ra-so,,,,,,Πύρασος,,,,,,,,Pyrasos,,,,,personal name,
rl\b[,,,,pu-ra-ta/ pu-ra-ta-o,,,,,,Πυράτας,,,,,,,,Pyratas,,,,,personal name,
rl\bi+,,,,pu-ra-u-to-ro,,,,,,πύραυθρον,,,,,,,,pyrauthron,,,,,"cooking vessel (>πύραστρον, πυράγρα= forceps)",
rl\+,,,,pu-ro,,,,,,Πύλος,,,,,,,,Pylos,,,,,place name,
Ψm,,,,pu2-ke,,,,,,Φύγης,,,,,,,,Phyges,,,,,personal name,
Ψml,,,,pu 2-ke-qi-ri,,,,,,Φυγεκλής;,,,,,,,,Phygekles?,,,,,personal name,
ΨΠΊmfi,,,,"pu2-ra2-a-ke- re-u/
pu2-ra2-a-ki-",,,,,,Φυλίας Αγρεύς,,,,,,,,Phylias Agreus,,,,,place name (φυλία= wild olive),
,,,,". .
fl-JO",,,,,,,,,,,,,,,,,,,,
Ψαι,,,,pu 2-si-ja-ko,,,,,,Φυσίαρχος,,,,,,,,Physiarhos,,,,,personal name,
Ψ=Ι=,,,,pu2-te/ pu-te/ pu2-te-re,,,,,,Φύτερ,,,,,,,,phyter,,,,,planter,
Ψ=Ι=ο,,,,pu2-te-ri-ja,,,,,,Φυτέρια,,,,,,,,phyteria,,,,,"planted, cultivated (related to 'ktoina'=  plots)",
MWs,,,,pte-no,,,,,,φτενοί,,,,,,,,phtenoi,,,,,parts of a chariot (φτενός=    'thin'),
,,,,,,,,,,,,,,,,,,,,,,,,
[',,,,qa-da-so,,,,,,Κάδασος,,,,,,,,Kadasos,,,,,personal name,
ΙΊ FιFr,,,,qa-nu-wa-so,,,,,,ΚαρνύFασος,,,,,,,,Karnyvasos,,,,,personal name,
['b,,,,qa-ra,,,,,,Κ/'άρα,,,,,,,,Kwara,,,,,place name,
l'bΨr,,,,qa-ra-1-so,,,,,,Κrάραισος,,,,,,,,Kwaraisos,,,,,personal name,
['bi+,,,,qa-ra-to-ro,,,,,,κrάλαθρον (>σπάλαθρον?),,,,,,,,kwalathron (>spalathron?),,,,,rake,
'?'\f ί,,,,qa-sι-re-u,,,,,,κ/'ασιλεύς (>βασιλεύς),,,,,,,,kwasileus (>vasileus),,,,,title/occupation (latter the king),
'?'\f,,,,". .
qa-s1-re-w1-Ja",,,,,,κ/'ασιλέFια,,,,,,,,kwasilevia,,,,,of the 'kvasileus' (fem.),
§-,,,,-qe,,,,,,"κFε
(>γε, τε> και)",,,,,,,,"qwe
(> yai, tai> kai)",,,,,and,
§ UΛUsjy,,,,"qe-φ-no-me- na/
qe-φ-no-me- ηο/",,,,,,γεγινωμένα/ γεγινωμένος/ γεγινωτός (>δινωτός),,,,,,,,geginomena/ geginomenos/ geginotos (>dinotos),,,,,made by twisting,
,,,,qe-qi-no-to,,,,,,,,,,,,,,,,,,,,
§bϊ,,,,qe-ra-na,,,,,,κέρνα/κεράνα;,,,,,,,,kerna/kerana?,,,,,type of pot (ewer),
§b\D,,,,". .
qe-ra-sι-Ja",,,,,,Κερασία (>Θηρασία),,,,,,,,Kerasia (>Therasia),,,,,goddess's name/epithet of Artemis?,
§fffiΊ,,,,qe-re-ti-ri-jo,,,,,,βλητρίω (δυικ.) (>βλήτρον),,,,,,,,vleitrio (dual) (>vleitron),,,,,a band or hoop (of ships),
§[1Χ1,,,,qe-ta-ra-je-u,,,,,,Κετραγεύς,,,,,,,,Ketrayeus,,,,,personal name,
§[Δ,,,,qe-ta-wo,,,,,,ΚέταFος,,,,,,,,Ketavos,,,,,personal name,
§=-l=-Ί1,,,,qe-te-a/ qe-te-a2/ qe-te-(j)o,,,,,,(>τέλθος;),,,,,,,,(>telthos?),,,,,due (to the gods?) (>τέλθος= debt/ payment due),
§ί,,,,qe-to,,,,,,(>πίθος),,,,,,,,(>pithos),,,,,a kind of pot,
@ί+,,,,qe-to-ro-,,,,,,πετρο- (>τετρα-),,,,,,,,petro- (>tetra-),,,,,tetra-,
@ +m,,,,qe-to-ro-po-pi,,,,,,πετροπόφι/ τετροπόφι,,,,,,,,petropophi/ tetropophi,,,,,"with four legs, cattle",
§12,,,,qe-to-ro-we,,,,,,πετρώFεις/ τετρώFεις,,,,,,,,petrofeis/ tetrofeis,,,,,with four 'ears/' handles,
1\DA,,,,qi-si-pe(-e),,,,,,ξίφεε (δυικ.) (ξίφη),,,,,,,,qsiphee (dual) (qsiphe),,,,,swords,
m,,,,qo-o,,,,,,κr όος (>βούς),,,,,,,,qwoos (> vous),,,,,Οχ,
τ+r+,,,,qo-ro-mu-ro,,,,,,Βρώμυλος,,,,,,,,Vromylos,,,,,place name,
Tf ffib,,,,"qo-u-ka-ra/
qo-u-ka-ra-o-i",,,,,,βούκαρα (>βουκρανία),,,,,,,,"voukara
(>voukrania)",,,,,bull head (βους= οχ+ κάρα= head),
τrcr+,,,,qo-u-ko-ro,,,,,,βουκόλος,,,,,,,,voukolos,,,,,"shepherd, cattle-",
,,,,,,,,,,,,,,,,,,,,,,,driver,
τrτc,,,,qo-u-qo-ta,,,,,,βουβότας,,,,,,,,vouvotas,,,,,"shepherd, pastor",
Ί&Ώ,,,,". .
qo-wι-Ja",,,,,,κόρFια (>κουρήια),,,,,,,,korfia (>koureia),,,,,divine (see also 'korfa'),
,,,,,,,,,,,,,,,,,,,,,,,,
b,,,,ra-e-Ja,,,,,,λαεία (λάας),,,,,,,,laheia (laas),,,,,made of stone,
bD,,,,ra-Ja,,,,,,Ραία,,,,,,,,Raia,,,,,place name,
bm VYΊ,,,,"ra-ke-da-mi-ni-
JO",,,,,,Λακεδάμνιος (>Λακεδαιμόνιος),,,,,,,,"Lakedamnios
(>Lakedemonios)",,,,,"ethnic name of
'>Lacedaemon'",
bffii,,,,ra-ke-u,,,,,,Λαχεύς,,,,,,,,Laheus,,,,,personal name,
b+,,,,"ra-ku-ro/
ra-ku-ro-jo",,,,,,Λάχυρος,,,,,,,,Lahyros,,,,,personal name,
bVYD,,,,"ra-m     . .
1-n1-Ja",,,,,,Λάμνιαι (>Λήμνιαι),,,,,,,,Lamniai (>Lemniai),,,,,"ethnic name of
'>Lemnos?' (fem.)",
b+YCΨ,,,,ra-pa-sa-ko,,,,,,Λάμψακος,,,,,,,,Lampsakos,,,,,personal name,
b+iis,,,,ra-pa-to (me- ηο),,,,,,Λάπατος/ Λάπανδος,,,,,,,,Lapatos/Lapandos,,,,,('Λαπάτω   μηνός'= in the month of Lapatos),
brM1Π,,,,ra-pi-ti-ra 2/ ra-pte-ri-ja/ ra-qi-ti-ra2,,,,,,ράπτρια(ι),,,,,,,,raptria(i),,,,,seamstresses,
bM,,,,ra-pte / ra-pte-re,,,,,,Ράπτερ,,,,,,,,rapter,,,,,"tailor, clothes- mender",
bEffiΊ,,,,ra-su-ti-jo,,,,,,Λασύνθιος,,,,,,,,Lasynthios,,,,,ethnic name of 'Lasynthos',
bEi,,,,ra-su-to,,,,,,Λάσυνθος,,,,,,,,Lasynthos,,,,,place name,
bffiΊ,,,,ra-ti-jo,,,,,,Λάτιος,,,,,,,,Latios,,,,,ethnic name of 'Lato',
bi,,,,ra-to,,,,,,Λατώ,,,,,,,,Lato,,,,,place name,
bmmo,,,,"ra-wa-ke-ja/
ra-wa-ke-si-ja/ ra-wa-ke-si-jo",,,,,,λαFαγεία/ λαFαγέσια/ λαFαγέσιος,,,,,,,,lafageia/ lafagesia/ lafagesios,,,,,belonging to the 'lafagetas',
bmm\O,,,,"ra-wa-ke-si-ja- jo/
ra-wa-ke-si-jo-
JO",,,,,,λαFαγεσιαίον,,,,,,,,lafagesiaion,,,,,premises of the 'lafagetas',
bmmc,,,,ra-wa-ke-ta,,,,,,λαFαγέτας,,,,,,,,lafagetas,,,,,"official title (=
leader of the people)",
bmbc,,,,ra-wa-ra-ta/ ra-u-ra-ta,,,,,,ΛάFρανθα(ι),,,,,,,,Lavrantha(i),,,,,place name,
bmbw,,,,ra-wa-ra-ta2/ ra-u-ra-ti-ja/ ra-wa-ra-ti-jo/ ra-wa-ra- *66,,,,,,ΛαFρανθία(ι)/ ΛαFράνθιος,,,,,,,,Lavranthia(i)/ Lavranthios,,,,,ethnic name of 'Lavrantha',
bB,,,,ra-wo,,,,,,λαFός (>λαός),,,,,,,,lawos (>laos),,,,,people,
bΒΙCΨ,,,,ra-wo-do-ko,,,,,,ΛαFόδοκος,,,,,,,,Lawodokos,,,,,personal name,
bB \,,,,ra-wo-po-no,,,,,,ΛαFόπονος,,,,,,,,Lawoponos,,,,,personal name,
rmΑΙ++τ,,,,re-ke-(e-)to-ro- te-ri-jo,,,,,,Λεχεστρωτήριον,,,,,,,,Lehestroteirion,,,,,religious feast,
f[f Ί,,,,". .
re-pe-u-n-Jo",,,,,,Λεπεύριος,,,,,,,,Lepeurios,,,,,ethnic name of '*re-pe-u ',
f i,,,,re-po-to,,,,,,Λεπτόν,,,,,,,,lepton,,,,,"thin, fine",
fl'ΙΔΔΔ,,,,re-qa-se-wo wo-wo,,,,,,"'re-qa-se-wo'
FόpFoς",,,,,,,,'re-qa-se-wo' vorvos,,,,,place name (see also 'vorvos'),
fiffi(,,,,re-u-ka-so,,,,,,Λεύκασος,,,,,,,,Leukasos,,,,,personal name,
fjcψ,,,,"re-u-ko/
re-u-ko-jo",,,,,,Λεύκος,,,,,,,,Leukos,,,,,personal name,
rr rn,,,,re-u-ko-nu-ka,,,,,,λευκόνυχα,,,,,,,,lefkonyha (lefkos= white+ onyhas= nail),,,,,kind of decoration (for clothes),
rrmΨ1,,,,"re-u-ko-o-pu2- ru/
re-u-ko-ro-o- pu2-ru",,,,,,Λευκο(ρο)όφρυς,,,,,,,,Lefko(ro)ophrys,,,,,personal name,
fifl+,,,,re-u-ko-to-ro,,,,,,Λεύκτροt/ Λεύκτρον,,,,,,,,Lefktroi/ Lefktron,,,,,place name,
fΔ,,,,"re-wo/
re-wo-pi/
re-wo-te-jo",,,,,,λέFων/ λέFοντφι/ λεFοντίοις,,,,,,,,lewon/ lewontphi/ lewonteiois,,,,,lion (implying decoration),
fΔ,,,,"re-wo/
re-wo-te-re-jo",,,,,,λέFος/ λεFοτέρειον (>λέβης/ λεβητάριον),,,,,,,,levos/levotereion (>leveis/ leveitarion),,,,,"kettle, caldron",
fΔΙ+CΨΔ,,,,re-wo-to-ro- ko-wo,,,,,,λεFοτρόκορFοι,,,,,,,,levotrokorfoi,,,,,bath- attendants,
τ,,,,"ri-jo/
ri-jo-de",,,,,,Ρίον/ Ρίονδε,,,,,,,,Rion/ Rionde,,,,,place name (= cape),
ίΨ,,,,n-me-ne,,,,,,Λιμένει (λιμήν),,,,,,,,limenei (limein),,,,,harbor,
ϊcr+,,,,ri-na-ko-ro,,,,,,λίναγρος,,,,,,,,linagros,,,,,(= flax gatherer ),
ΙΌ,,,,n-ne-Ja,,,,,,Λινείαι,,,,,,,,lineiai,,,,,flax workers (fem.),
\,,,,η-ηο,,,,,,Λίνον,,,,,,,,linon,,,,,flax (plant),
+ΨCΨ,,,,ro-i-ko,,,,,,Ροϊκός,,,,,,,,ro'ikos,,,,,crooked,
+cr,,,,ro-ko,,,,,,Λωχός,,,,,,,,Lohos,,,,,personal name,
rn,,,,ro-o-wa,,,,,,ΡοόFα,,,,,,,,Roofa,,,,,place name,
-W \,,,,". .     . .
ro-u-s1-Je-w1-Ja",,,,,,ΛουσιέFεια( ι),,,,,,,,Lousieveia(i),,,,,originating in 'Lousos' (fem.),
-W \Ί,,,,". .
ro-U-Sl-JO",,,,,,Λούσιος,,,,,,,,Lousios,,,,,ethnic name of 'Lousos',
-wr,,,,ro-u-so,,,,,,Λουσός,,,,,,,,Lousos,,,,,place name,
1mBB&:D,,,,"ru-ke-wo-wo-
. .
Wl-Ja",,,,,,Λυνκεύς+ FόρFια,,,,,,,,Lynkeus+ vorvia,,,,,place name (see also 'vorvos'),
lVffiΊ,,,,ru-ki-ti-jo,,,,,,Λυκίνθιος,,,,,,,,Lykinthios,,,,,ethnic name of 'Lykinthos',
lVI,,,,ru-ki-to,,,,,,Λύκινθος,,,,,,,,Lykinthos,,,,,place name,
ir+,,,,ru-ko-ro/ ru-ko-u-ro,,,,,,Λύκο(υ)ρος,,,,,,,,Lyko(u )ros,,,,,personal name,
if B+,,,,ru-ko-wo-ro,,,,,,ΛυκοFόρος,,,,,,,,Lykovoros,,,,,personal name,
ηr,,,,ru-na-so,,,,,,Ρύνασος,,,,,,,,Rynasos,,,,,personal name,
rn,,,,ru-ra-ta(-e),,,,,,Λυράτας,,,,,,,,lyratas,,,,,player οη the lyre,
,,,,,,,,,,,,,,,,,,,,,,,,
Yffif i,,,,sa-ke-re-u/ sa-ke-re-we/ sa-ke-re-wo,,,,,,Σαγρεύς/Σαγηλεύς,,,,,,,,Sagreus/Sageleus,,,,,personal name,
,,,,sa-ma-ra,,,,,,Σαμάρα,,,,,,,,Samara,,,,,place name,
YMFιl,,,,sa-ma-n-wa,,,,,,ΣαμαρίFα,,,,,,,,Samarifa,,,,,place/ethnic name of  'Samara'?,
Υ+,,,,sa-pa,,,,,,,,,,,,,,,,,,,kind of clothing,
Y+m=l=D,,,,"sa-pa-ke-te-ri-
Ja",,,,,,σφακτηρίαt/ σφάκτρια,,,,,,,,sphakteiriai/ sphaktreia,,,,,animals for ritual slaughter,
Yffix,,,,sa-pi-de,,,,,,σαρπίδες,,,,,,,,sarpides,,,,,boxes,
ΥιD,,,,sa-ra-pe-da,,,,,,Σραπέδας,,,,,,,,Sraperdas,,,,,god's epithet ('Srapedas Poseidaon'),
Υ ι +,,,,"sa-ri-nu-wo-te/ se-ri-no-(wo-
)te/",,,,,,ΣαλινουFόντει/ Σελινοφόντει (>Σελινούς;),,,,,,,,Salinoufontei/ Selinofontei (>Selinus?),,,,,place name,
,,,,sa-sa-ma,,,,,,σασάμα (>σησάμη),,,,,,,,sasama (>sesame),,,,,sesame (plant),
ηrffibm,,,,"se-re-mo-ka- ra-pi/
se-re-mo-ka- ra-o-i/
se-re-mo-ka- ra-o-re",,,,,,σειρημοκαράφt/ σειρημοκαράο(ρε)ι ('seremo'=> Σειρήνες;),,,,,,,,seiremokaraphi/ seiremokarao(re )i ('seremo'  => Seirenes? + kara= head),,,,,(decorated) with heads of 'Sirens?',
Ι \,,,,se-n-no,,,,,,σέλινον,,,,,,,,selinon,,,,,celery (plant),
ΙίΨο,,,,se-to-i-ja,,,,,,Σητοία(ι),,,,,,,,Setoia(i),,,,,place name,
\if,,,,sι-a2-ro,,,,,,σίhαλος,,,,,,,,sihalos,,,,,Pig,
\02,,,,si-ja-du-we,,,,,,ΣιγαδύFει( ς),,,,,,,,Sigadyfei(s),,,,,personal name,
\Μ,,,,sι-ma,,,,,,Σίμα/Σιμά,,,,,,,,Sima,,,,,personal name,
,,,,,,,,,,,,,,,,,,,,,,,(fem.),
\ΜCΨ,,,,si-ma-ko,,,,,,Σίμακος,,,,,,,,Simakos,,,,,personal name,
\V=l=i,,,,si-mi-te-u,,,,,,Σμινθεύς,,,,,,,,Smintheus,,,,,personal name (>epithet of god Apollo),
\f+,,,,sι-no-u-ro,,,,,,Σίνουρος,,,,,,,,Sinouros,,,,,personal name,
\U,,,,si-ri-jo(-jo),,,,,,Σιρίοιο (Σίριος),,,,,,,,Sirioio (Sirios),,,,,personal name,
\ί,,,,si-to,,,,,,σίτον,,,,,,,,siton,,,,,wheat,
\ίCΨΒ,,,,si-to-ko-wo,,,,,,σιτόκορFοι,,,,,,,,sitokorfoi,,,,,occupation associated with wheat (grain- measurers?),
\iffiYD,,,,si-to-po-ti-ni-ja,,,,,,σιτοπότνια,,,,,,,,sitopotnia,,,,,"goddess (= 'grain
mistress')",
rι+,,,,so-u-ro,,,,,,Σούρος,,,,,,,,Souros,,,,,personal name,
(ztWs,,,,so-we-no,,,,,,σοFενοί (σοFενός),,,,,,,,sovenoι (sovenos),,,,,vine? (plant),
ΕΥCΨ,,,,su-di-ni-ko,,,,,,Σύδνικος,,,,,,,,Sydnikos,,,,,personal name,
EVC,,,,su-ki-ri-ta,,,,,,Σύγριτα,,,,,,,,Sygrita,,,,,place name,
ETC,,,,su-qo-ta/ su-qo-ta-o,,,,,,συβότας,,,,,,,,syvotas,,,,,pig farmer,
ΕΞ)r,,,,su-n-mo,,,,,,Σύριμος,,,,,,,,Syrimos,,,,,place name,
Ε+,,,,"su-ro/
su-ro-no",,,,,,Σύρος,,,,,,,,Syros,,,,,personal name,
ΕΖ+Ί,,,,". .
su-we-ro-wI-JO",,,,,,ΣυFερόFιος,,,,,,,,Syverovios,,,,,personal/ ethnic,
,,,,,,,,,,,,,,,,,,,,,,,name,
Er,,,,su-za,,,,,,"σύζα
(σύkΥα> σύκα)",,,,,,,,"syza
(sykYa> syka)",,,,,fig fruits,
,,,,,,,,,,,,,,,,,,,,,,,,
cv,,,,ta-mi-je-u,,,,,,Ταμιεύς,,,,,,,,Tamieus,,,,,personal name,
CYCΨ,,,,ta-ni-ko,,,,,,Τάνιχος,,,,,,,,Tanihos,,,,,personal name,
c+,,,,ta-pa,,,,,,τάρφα,,,,,,,,tarpha,,,,,thick/close/ frequent,
c+m1=,,,,ta-pa-e-o-te,,,,,,'ta-pa' έοντες,,,,,,,,'ta-pa' eontes,,,,,"(έοντες= they being)
(see also tarpha)",
[1Μ:,,,,ta-ra-ma-ta/ ta-ra-ma-ta-o,,,,,,Θαλάματας,,,,,,,,Thalamatas,,,,,personal name,
r1VEB,,,,ta-ra-mi-ka,,,,,,Θαλαμικά/ Θαλαμίσκα,,,,,,,,Thalamika/ Thalamiska,,,,,personal name,
[11 1,,,,"ta-ra-nu/
ta-ra-nu-we",,,,,,θράνυς/ θράνυFες,,,,,,,,thranys/ thranyves,,,,,footstool,
[1 \Ο,,,,ta-ra-si-ja,,,,,,ταλανσία,,,,,,,,talansia,,,,,(unit of) copper,
CE,,,,ta-su,,,,,,Θάρσυς,,,,,,,,Tharsys,,,,,"personal name (θάρσος= courage, confidence)",
rlffii,,,,ta-ta-ke-u,,,,,,σταρταγεύς (>στρατηγός),,,,,,,,startageus (>strategos),,,,,leader of the army,
cc+,,,,ta-ta-ro,,,,,,Τάνταλος,,,,,,,,Tantalos,,,,,personal name,
c+r,,,,ta-te-re,,,,,,στατήρες;,,,,,,,,stateres?,,,,,(>στατήρ= weight/coin),
Dn-Y-,,,,ta-ti-qo-we-u/,,,,,,ΣτατιποFεύς,,,,,,,,Statipoveus,,,,,personal name,
,,,,ta-ti-qo-we-wo,,,,,,,,,,,,,,,,,,,,
crr,,,,ta-to-mo,,,,,,σταθμός,,,,,,,,stathmos,,,,,farmstead/ standing-post,
+- -,,,,-te,,,,,,-θεν,,,,,,,,-then,,,,,away from a place (ablative),
+m,,,,te-ke,,,,,,θήκε (θέτω),,,,,,,,theike (theto),,,,,he assigned,
=Ι=fϊΨ,,,,te-ko-to-ne,,,,,,τέκτονες,,,,,,,,tektones,,,,,carpenters,
=Ι=ίs,,,,te-me-no,,,,,,τέμενος,,,,,,,,temenos,,,,,"shrine, official/ religious place",
=l=VxZ=I=,,,,"te-mi-de-we-te/ te-mi-dwe-ta/
te-mi-dwe-te/ te-mi-*71-te",,,,,,τερμιδFέντες (>τερμιόεντες),,,,,,,,termidf entes (>termioentes),,,,,"(= reaching to the feet)
(see also 'termis')",
=l=Ws,,,,"te-mi-dwe/
*te-mi",,,,,,τέρμιδFες (>τέρμις),,,,,,,,termidwes (>termis),,,,,"(τέρμις= foot, border, edge)",
+vπο,,,,te-mi-ti-ja/ ti-mi-ti-ja,,,,,,Θεμιστία/ Τερμινθία,,,,,,,,Themistia/ Terminthia,,,,,"place name
(see also 'ti-mi-to- a-ke-e' and 'ti-mi- to')",
+u,,,,"te-o/ te-o-i/
te-o-jo",,,,,,θεόν/θεοίς/θεοίο (θεός),,,,,,,,"theon/ theois/ theoio
(theos)",,,,,God,
+uιb,,,,te-o-do-ra,,,,,,Θεοδώρα,,,,,,,,Theodora,,,,,personal name (fem.),
=Ι=ιh ο,,,,te-o-po-ri-ja,,,,,,Θεοφόρια,,,,,,,,Theophoria,,,,,religious feast,
+ΙΌ,,,,te-qa-ja,,,,,,Θη(κ)βαία,,,,,,,,Thei(k)vea,,,,,personal/ethnic name of 'Thevai' (fem.),
=Ι= 'χ,,,,te-qa-de,,,,,,Θήβανδε (Θήβαι),,,,,,,,Thevande (Thevai),,,,,place name (>Thebes?),
+rc,,,,te-re-ta/ te-re-ta-o,,,,,,τελεσταi/ τελεστάων (τελέστας),,,,,,,,telestai/ telestaon (telestas),,,,,"official title (τέλος
= tax)",
=1=1+,,,,te-ru-ro,,,,,,Τέλουρος,,,,,,,,Telouros,,,,,personal name,
+ιr,,,,te-se-u,,,,,,Θησεύς,,,,,,,,Thyseus,,,,,personal name,
=Ι=ΨΒΊ1,,,,te-tu-ku-wo-a/ te-tu-ku-wo-a2,,,,,,τετυχύFοα,,,,,,,,tetyhyvoa,,,,,"well prepared, ready",
=Ι=Ψ12,,,,te-tu-ru-we,,,,,,ΤέθρυFες,,,,,,,,Tethryves,,,,,ethnic/place name,
+rmm,,,,te-u-ke-pi,,,,,,"τεύχεσφι (τεύχος, τεύχεα)",,,,,,,,"teuhesphi (teuhos, teuhea)",,,,,"with implements, paraphernalia",
ffiVI,,,,ti-mi-to,,,,,,τίρμινθος (>τέρμινθος),,,,,,,,tirminthos (>terminthos),,,,,terebinth (tree),
ffiVIΊ1ffiA,,,,"ti-mi-to-a-ke-e/
ti-mi-to-a-ke-i",,,,,,(Θέμιτος) άγος/ (Θεμιστών) άγος/ (Τερμίνθων) άγκος,,,,,,,,(Themitos) agos/ (Themiston) agos/ (Τerminthon) agkos,,,,,"'holy place of themis/themistes (=>oracles)'/ 'grove of the terebinth  trees' (see  'a-ke-e,'  'te-
mi,' 'ti-mi-to')",
mχ \Ο,,,,ti-nwa-si-ja,,,,,,ΤινFασία,,,,,,,,Tinfasia,,,,,place name,
ffi +,,,,ti-ri-da-ro,,,,,,Τριδάρος,,,,,,,,Tridaros,,,,,personal name,
ffiD,,,,ti-ri-ja/ ti-ri-si,,,,,,τρία/τρισί,,,,,,,,tria/trisi,,,,,three,
ffiΊZ,,,,ti-ri-jo-we/ ti-ri-o-we/ ti-ri-o-we-e,,,,,,τριώFεις,,,,,,,,triofeis,,,,,"with three  'ears,' handles",
ffi,,,,"ti-ri-po/
ti-ri-po-de",,,,,,τρίπως/τρίπους,,,,,,,,tripos/tripous,,,,,tripod (kind of stool),
rn cr,,,,ti-ri-po-di-ko,,,,,,τριποδίσκοι,,,,,,,,tripodiskoi,,,,,small tripods,
ffi +Α,,,,ti-ri-se-ro-e,,,,,,τρισιρώει (>τρισηρωίς),,,,,,,,trisiroei (>triseiro'is),,,,,divine epithet (= 'the trice heroine'),
ίΑ,,,,to-e,,,,,,τόε (>αυτόν),,,,,,,,toe (>auton),,,,,him,
ίΊ,,,,to-jo,,,,,,"τοίο
(>του, αυτού)",,,,,,,,"toio
(>tou, autou)",,,,,his,
iffiί,,,,to-ke-u,,,,,,Τοκεύς,,,,,,,,Tokeus,,,,,personal name (= begetter),
ίCΨΙΞ)r,,,,to-ko-do- mo,,,,,,τοιχοδόμοι,,,,,,,,toihodomoi,,,,,"builders (τοίχος=w all, δομώ= to built)",
iCf([,,,,to-ko-so-ta,,,,,,τοξότας,,,,,,,,toksotas,,,,,archer,
iCfrΔCΨ,,,,to-ko-so-wo-ko,,,,,,τοξοFόργος/ τοξFοργός,,,,,,,,toksovorgos/ toksworgos,,,,,arch worker,
ιαιcr,,,,to-ma-ko,,,,,,Στόμαργος,,,,,,,,Stomargos,,,,,personal/ animal name (= 'busy with the tongue'),
ίί,,,,to-me,,,,,,τόμε (>τόνε),,,,,,,,tome (>tone),,,,,him (see also 'toe'),
ίVΕΘ,,,,to-mi-ka,,,,,,,,,,,,,,,,,,,kind of cloth,
j s,,,,to-no,,,,,,Θόρνος (>θρόνος),,,,,,,,thornos (>thronos),,,,,"chair, throne",
ιtrm+D,,,,"to-no-e-ke-te-
. .
Π-JΟ",,,,,,Θορνοελκητήριον,,,,,,,,Thornoelkeiterion,,,,,name of a festival,
iDr,,,,to-pe-za/ to-pe-zo,,,,,,τόρπεζα (>τράπεζα),,,,,,,,torpeza (>trapeza),,,,,table,
ιιrκ,,,,"to-qi-de/
to-qi-de-ja/ to-qi-de-jo/
to-qi-de-we-sa",,,,,,τορπίδει/ τορπιδεία/ τορπίδειος/ τορπίδFεσσα (τορπίς>τροπίς),,,,,,,,torpidei/ torpideia/ torpideios/ torpidwessa (torpis >tropis),,,,,in/having spirals,
ibffi,,,,to-ra-ka/ to-ra-ke,,,,,,θώραξ/ θώρακες,,,,,,,,thorax/ thorakes,,,,,armor,
ίΊ,,,,to-ri-jo,,,,,,Θωρίος,,,,,,,,Thorios,,,,,personal name,
i+1BCΨ,,,,to-ro-no-wo-ko,,,,,,θορνοFοργός,,,,,,,,thornovorgos,,,,,maker of 'thornoi' (= thrones),
ίΥχ,,,,"to-sa-de/
to-so-de/",,,,,,"τοσάδε/
τοσόσδε/",,,,,,,,"tosade/
tososde/",,,,,such (see also next),
,,,,to-so-jo/,,,,,,τοσοίο/,,,,,,,,tosoio/,,,,,,
,,,,to-so-ne/,,,,,,τοσόνε/,,,,,,,,tosone/,,,,,,
,,,,to-so-pa,,,,,,τοσόσπας,,,,,,,,tosospas,,,,,,
ίΥ,,,,to-sa,,,,,,τόσαι/ τόσα,,,,,,,,tosai/tosa,,,,,such (plur. fem./ plur. neut.),
ιr,,,,to-so,,,,,,τόσοι/τόσον,,,,,,,,tosoi/toson,,,,,such (plur. masq./ sing. neut.),
ί,,,,to-to,,,,,,τότον,,,,,,,,toton,,,,,this/such (see also 'toson'),
ΨΕΘ=Ι=,,,,"tu-ka-te/
tu-ka-te-re/ tu2-ka-te-re",,,,,,θυγάτερ/θυγάτερες,,,,,,,,thygater/ thygateres,,,,,daughter,
ΨmΨί,,,,tu-ke-ne-u,,,,,,Τυχενεύς,,,,,,,,Tyheneus,,,,,personal name,
ψys,,,,tu-na-no,,,,,,,,,,,,,,,,,,,kind of textile,
Ψb=Ι=ί,,,,"tu-ra-te-u/
tu-ra-te-u-si/ tu-ra-te-we",,,,,,θηρατεύς,,,,,,,,therateus,,,,,door keeper (θήρα= door),
ψ \Ο,,,,tu-ri-si-ja/ tu-ri-si-jo,,,,,,Τυλίσια/Τυλίσιος,,,,,,,,Tylisia/Tylisios,,,,,ethnic name of 'Tylisos',
ψ (,,,,tu-ri-so,,,,,,Τύλισος,,,,,,,,Tylisos,,,,,place name,
ψ[,,,,tu-ri-ta,,,,,,Τύλιτας,,,,,,,,Tylitas,,,,,personal name,
Ψω,,,,tu-ro2,,,,,,τυρίον,,,,,,,,tyrion,,,,,cheese,
ΨllvD,,,,tu-ru-pte-ri-ja,,,,,,στρυπτερία,,,,,,,,strypteria,,,,,alum,
φz-r,,,,tu-we-a/ tu-wo,,,,,,θύFεα/ θύFος,,,,,,,,thyvea/ thyvos,,,,,sacrificial fire,
ΨΖC,,,,tu-we-ta,,,,,,ΘυFέστας,,,,,,,,Thyvestas,,,,,personal name,
,,,,,,,,,,,,,,,,,,,,,,,,
il+,,,,u-do-ro,,,,,,ύδρος,,,,,,,,ydros,,,,,kind of pot (water jar?),
i+bvD,,,,"u-pa-ra-ki-ri- ja/
u-po-ra-ki-ri-
ja/
u-pa-ra-ko-ra-
. .
I-Ja",,,,,,'u-pa-ra'+ άγρια/ 'u-pa-ra'+ χωραία,,,,,,,,'u-pa-ra'+ agria/ 'u-pa-ra'+ horaia,,,,,"place name
(see also 'a-ko-ro' or 'devroaihoraiai/' 'peraiaihoraiai ')",
ίΊ,,,,u-po,,,,,,υπό,,,,,,,,ypo,,,,,under,
"iΊmuu1
1   Λ",,,,u-po-di-no wo-wo,,,,,,(u-po-di-no) FόρFος,,,,,,,,(u-po-di-no) vorvos,,,,,"place name
(see also 'vorvos')",
ίbΊ,,,,u-ra-Jo,,,,,,Υλαίος,,,,,,,,Ylaios,,,,,"personal name (ύλα= forest, wood)",
ibΞ}(s,,,,u-ra-mo-no,,,,,,Ύλαμνος,,,,,,,,Ylamnos,,,,,personal name,
ίfί,,,,u-re-u,,,,,,Υλεύς,,,,,,,,Yleus,,,,,personal name,
icb,,,,u-ro2,,,,,,Υλίων/Υρίων,,,,,,,,Ylion/Yrion,,,,,personal name,
i1rrtΠ,,,,"u-ru-pi-ja-jo/
. .
u-ru-pι-Ja-JO-JO",,,,,,Fρυπιαίοι,,,,,,,,Vrypiaioi,,,,,ethnic name,
ίlί,,,,u-ru-to,,,,,,Fρύντοι (Fρύμαι),,,,,,,,fryntoi (frymai),,,,,to guard,
iffi,,,,u-ta-jo(-jo),,,,,,Υταίοιο (Υταίος),,,,,,,,Ytaioio (Ytaios),,,,,personal name,
j[Js,,,,u-ta-no,,,,,,Ύτανος,,,,,,,,Ytanos,,,,,personal name,
ίfιl[,,,,u-wa-ta,,,,,,ΥFάτας,,,,,,,,Yvatas,,,,,personal name,
,,,,,,,,,,,,,,,,,,,,,,,,
fιlyffi,,,,wa-na-ka/ wa-na-ka-te/ wa-na-ka-to/ wa-na-ke-te,,,,,,Fάναξ/ Fάνακτος/ Fανάκτει,,,,,,,,vanax/ vanaktos/ vanaktei,,,,,"wanax, king, leader aristocrat",
Fιlϊ ffi=l=b,,,,wa-na-ka-te-ra/ wa-na-ka-te-ro,,,,,,Fανάκτερα/ Fανακτέρων (>ανάκτορα),,,,,,,,vanaktera/ vanakteron (>anaktora),,,,,premises of the wanax,
Fιlϊ Υ,,,,wa-na-sa,,,,,,Fάνασσα,,,,,,,,vanassa,,,,,queen,
Fιlϊl,,,,"wa-na-se-wι-
ja/
. .
wa-na-se-wI-JO",,,,,,FανασέFια/ FανασέFιος,,,,,,,,vanasevia/ vanasevιos,,,,,royal,
fιlyr= (,,,,wa-na-so/ wa-na-so-i/ wa-no-so-1,,,,,,Fάνασος,,,,,,,,Vanasos,,,,,place name,
fιly[(,,,,wa-na-ta-jo/ wa-na-ta-jo-jo,,,,,,Fαναταίος,,,,,,,,Vanataios,,,,,personal name,
FιlYCΨ,,,,wa-ni-ko,,,,,,Fάνιχος,,,,,,,,Vanihos,,,,,personal name,
Fι11ΊΒΒ,,,,wa-no-Jo wo- wo,,,,,,Fάνοιο FόpFoς,,,,,,,,Vanioio vorvos,,,,,"place name
(see also 'vorvos')",
m++τ,,,,wa-pa-ro-Jo,,,,,,Fαπφάλοιο (Fάπφαλος),,,,,,,,Vaphaloio (Vaphalos),,,,,personal name,
Fιll,,,,wa-to,,,,,,Fάτος,,,,,,,,Vatos,,,,,place name,
FιΙΨ,,,,wa-tu/ wa-tu-o,,,,,,Fάστυ,,,,,,,,vasty,,,,,"city, town",
Fιl\JXJCΨ,,,,wa-tu-o-ko,,,,,,Fαστύοχος,,,,,,,,Vastyohos,,,,,personal name,
2,,,,we-,,,,,,Fέκ-,,,,,,,,fek-,,,,,hex- (six),
2110,,,,we-a-re-ja/ we-a-re-jo/ we-a2-re-Jo,,,,,,"Fεαλεία/ Fεάλειος
(>υαλεία/υάλειος)",,,,,,,,"vealeia/ vealeios
(> yaleia/yaleios)",,,,,made of glass,
?ls,,,,we-a2-no/ we-a2-no-1,,,,,,Fεhανός,,,,,,,,vehanos,,,,,type of cloth,
2Ψί,,,,we-da-ne-u/ we-da-ne-we/ we-da-ne-wo,,,,,,Fενδανεύς,,,,,,,,Vendaneus,,,,,personal name,
aJf,,,,we-pe-za,,,,,,Fέκπεζα,,,,,,,,fekpeza,,,,,(table) with six legs,
2=Ι=Ψ2=Ι=Ψ,,,,we-te-i-we-te-i,,,,,,Fέτει- Fέτει,,,,,,,,fetei- fetei,,,,,'from year to year',
21,,,,we-to,,,,,,Fέτος,,,,,,,,fetos,,,,,this year,
22,,,,we-we-e-a,,,,,,FερFέεια (*FέρFος> είρος),,,,,,,,verveeιa (*vervos> eiros),,,,,woolen (fem.),
22\U,,,,we-we-si-jo(- jo),,,,,,FεFεσίοιο (FεFέσιος),,,,,,,,Vevesioio (Vevesios),,,,,personal name,
χ,,,,(o-)wi-de,,,,,,Fίδε (ορώ),,,,,,,,vide (oro),,,,,he saw ('o-wi-de'= 'this is what he saw'),
ΙΒΨΊ,,,,wi-do-wo-i-jo/ wi-du-wo-i-jo/ wi-dwo-i-jo,,,,,,FιδοFοίος,,,,,,,,Vidovoios,,,,,personal name,
m+,,,,wi-du-ro,,,,,,Fίδυλος,,,,,,,,Vidylos,,,,,personal name,
[\fιlcψ,,,,wi-du-wa-ko,,,,,,FιδουFάκος,,,,,,,,Vidouvakos,,,,,personal name,
ωDu,,,,w1-p1-no-o,,,,,,Fιφίνοος,,,,,,,,Viphinoos,,,,,personal name,
1(,,,,"wi-ri-ne-(j)o/
wi-ri-ne-we/
. .
Wl-fl-Πl-JO",,,,,,Fρίνειος,,,,,,,,vnneιos,,,,,made of leather,
\,,,,wι-η-ηο,,,,,,Fρινός,,,,,,,,vnnos,,,,,leather,
&rτ,,,,wι-se-Jo,,,,,,Fίσειος,,,,,,,,Viseios,,,,,personal name,
&:Ε+,,,,Wl-SU-ΓO,,,,,,Fίσυλος,,,,,,,,Visylos,,,,,personal name,
l!r,,,,wi-ti-mi-jo,,,,,,Fιτίμιος,,,,,,,,Vitimios,,,,,personal name,
ΨΊ,,,,wi-tu-ri-jo,,,,,,Fιτύλιος,,,,,,,,Vitylios,,,,,personal name,
ΒΙΖ,,,,wo-do-we,,,,,,FορδόFεν (>ροδόεν),,,,,,,,vordofen (>rodoen),,,,,made with rose oil,
ΒΨCΨχ,,,,wo-i-ko-de/ wo-ko-de,,,,,,Fοίκονδε (Fοίκος>οίκος),,,,,,,,voikonde (voikos >oikos),,,,,(going) home,
ΒΕΘ,,,,wo-ka,,,,,,Fόχα,,,,,,,,voha,,,,,vehicle,
ΒΨΖ,,,,wo-ne-we,,,,,,"FονέFει
(Fονεύς)",,,,,,,,Fonevei (Fonefs),,,,,personal name,
Β1,,,,wo-no,,,,,,Fοίνος,,,,,,,,νοιηοs,,,,,wιne,
B@Fιl,,,,wo-no-qe-wa/ wo-no-qe-we,,,,,,FονοκέFαν/ FονοκέFει (Fονοκεύς),,,,,,,,Fonokevan/ Fonokevei (Fonokeus),,,,,personal name,
"BUUs/
Λ Τ",,,,wo-no-qo-so,,,,,,Fοίνωψ,,,,,,,,Voinops,,,,,personal name,
Β@Ζ,,,,wo-qe-we,,,,,,"FοκέFει
(Fοκεύς)",,,,,,,,Fokevei (Fokeus),,,,,personal name,
Bb2Y,,,,wo-ra-we-sa,,,,,,FοράFεσσα,,,,,,,,foravessa,,,,,"(description of a chariot)
(>φέρω= to bear, to caπy)",
Β+WΥΊ,,,,wo-ro-ki-jo-ne- JO,,,,,,Fοργιόνειος (Fοργίονες> Οργέωνες),,,,,,,,"νorgioneios
(Vorgiones> Orgeones)",,,,,cult association,
Β+ιsο,,,,wo-ro-ne-Ja,,,,,,Fρόνεια (>άρνεια),,,,,,,,vronia (> arneia),,,,,of a lamb,
ΒΒ,,,,wo-wo,,,,,,FόρFος (>όρος/όριον),,,,,,,,vorvos (>oros/orion),,,,,mountain/limit,
Β[,,,,wo-ze/ wo-ze-e,,,,,,"Fόρζει(ν)
(*FόρκΥω>όργω> έργω)",,,,,,,,worzei(n) (*ForkYo>orgo> ergo),,,,,to work,
Bt,,,,wo-zo/ wo-zo-te,,,,,,Fόρζων/Fόρζοντες,,,,,,,,vorzon/vorzontes,,,,,working,
Βtίϊ,,,,wo-zo-me-na wo-zo-me-no,,,,,,Fορζομένα/ Fορζόμενος,,,,,,,,vorzomena/ vorzomenos,,,,,being worked/ well-made,
,,,,,,,,,,,,,,,,,,,,,,,,
fA +,,,,za-e-to-ro,,,,,,Ζαέθροι,,,,,,,,Zaethroi,,,,,place name,
f ΕΊ,,,,za-ku-si-jo,,,,,,Ζακύ(ν)σιος (>Ζακύνθιος),,,,,,,,"Zaky(n)sios
(>Zakynthios)",,,,,ethnic name of 'Zakynthos',
fN,,,,za-ma-e-wι-a,,,,,,ΖαμαέFια(ι),,,,,,,,Zamaevia(i),,,,,ethnic/place name,
fZ=I=,,,,za-we-te,,,,,,ζάFετες,,,,,,,,zafetes,,,,,this year,
[ΨCffibϊ,,,,ze-i-ja-ka-ra-na,,,,,,Ζεία Κράνα,,,,,,,,Zeia Krana,,,,,place name,
[Ψb,,,,ze-pu2-ra/ ze-pu2-ro,,,,,,Ζέφυραι/Ζέφυρος,,,,,,,,Zephyrai/ Zephyros,,,,,"place name
(>Halikarnassos?)",
[ψ,,,,ze-pu2-ra3,,,,,,Ζεφυρέα(ι),,,,,,,,Zephyrea(i),,,,,ethnic name of 'Zephyrai',
f(j s,,,,ze-so-me-no,,,,,,ζεσόμενος,,,,,,,,zesomenos,,,,,boiling,
trm\,,,,ze-u-ke-si/ ze-u-ko,,,,,,ζεύγεσι/ ζεύγος,,,,,,,,zeugesi/ zeugos,,,,,paιr,
tFιl,,,,zo-wa,,,,,,,,,,,,,,,,,,,type of weapon,
